Age,Attrition,BusinessTravel,DailyRate,Department,DistanceFromHome,Education,EducationField,EmployeeCount,EmployeeNumber,EnvironmentSatisfaction,Gender,HourlyRate,JobInvolvement,JobLevel,JobRole,JobSatisfaction,MaritalStatus,MonthlyIncome,MonthlyRate,NumCompaniesWorked,Over18,OverTime,PercentSalaryHike,PerformanceRating,RelationshipSatisfaction,StandardHours,StockOptionLevel,TotalWorkingYears,TrainingTimesLastYear,WorkLifeBalance,YearsAtCompany,YearsInCurrentRole,YearsSinceLastPromotion,YearsWithCurrManager
41.0,Yes,Travel_Rarely,1102.0,Sales,1,2,Life Sciences,1,1,2.0,Female,94,3,2,Sales Executive,4.0,Single,5993.0,19479,8.0,Y,Yes,11,3.0,1,80,0,8.0,0.0,1.0,6.0,4,0,5
49.0,No,Travel_Frequently,279.0,Research & Development,8,1,Life Sciences,1,2,3.0,Male,61,2,2,Research Scientist,2.0,Married,5130.0,24907,1.0,Y,No,23,4.0,4,80,1,10.0,3.0,3.0,10.0,7,1,7
37.0,Yes,Travel_Rarely,1373.0,Research & Development,2,2,Other,1,4,4.0,Male,92,2,1,Laboratory Technician,3.0,Single,2090.0,2396,6.0,Y,Yes,15,3.0,2,80,0,7.0,3.0,3.0,0.0,0,0,0
33.0,No,Travel_Frequently,1392.0,Research & Development,3,4,Life Sciences,1,5,4.0,Female,56,3,1,Research Scientist,3.0,Married,2909.0,23159,1.0,Y,Yes,11,3.0,3,80,0,8.0,3.0,3.0,8.0,7,3,0
27.0,No,Travel_Rarely,591.0,Research & Development,2,1,Medical,1,7,1.0,Male,40,3,1,Laboratory Technician,2.0,Married,3468.0,16632,9.0,Y,No,12,3.0,4,80,1,6.0,3.0,3.0,2.0,2,2,2
32.0,No,Travel_Frequently,1005.0,Research & Development,2,2,Life Sciences,1,8,4.0,Male,79,3,1,Laboratory Technician,4.0,Single,3068.0,11864,0.0,Y,No,13,3.0,3,80,0,8.0,2.0,2.0,7.0,7,3,6
59.0,No,Travel_Rarely,1324.0,Research & Development,3,3,Medical,1,10,3.0,Female,81,4,1,Laboratory Technician,1.0,Married,2670.0,9964,4.0,Y,Yes,20,4.0,1,80,3,12.0,3.0,2.0,1.0,0,0,0
30.0,No,Travel_Rarely,1358.0,Research & Development,24,1,Life Sciences,1,11,4.0,Male,67,3,1,Laboratory Technician,3.0,Divorced,2693.0,13335,1.0,Y,No,22,4.0,2,80,1,1.0,2.0,3.0,1.0,0,0,0
38.0,No,Travel_Frequently,216.0,Research & Development,23,3,Life Sciences,1,12,4.0,Male,44,2,3,Manufacturing Director,3.0,Single,9526.0,8787,0.0,Y,No,21,4.0,2,80,0,10.0,2.0,3.0,9.0,7,1,8
36.0,No,Travel_Rarely,1299.0,Research & Development,27,3,Medical,1,13,3.0,Male,94,3,2,Healthcare Representative,3.0,Married,5237.0,16577,6.0,Y,No,13,3.0,2,80,2,17.0,3.0,2.0,7.0,7,7,7
36.0,No,Travel_Rarely,809.0,Research & Development,16,3,Medical,1,14,1.0,Male,84,4,1,Laboratory Technician,2.0,Married,2426.0,16479,0.0,Y,No,13,3.0,3,80,1,6.0,5.0,3.0,5.0,4,0,3
29.0,No,Travel_Rarely,153.0,Research & Development,15,2,Life Sciences,1,15,4.0,Female,49,2,2,Laboratory Technician,3.0,Single,4193.0,12682,0.0,Y,Yes,12,3.0,4,80,0,10.0,3.0,3.0,9.0,5,0,8
31.0,No,Travel_Rarely,670.0,Research & Development,26,1,Life Sciences,1,16,1.0,Male,31,3,1,Research Scientist,3.0,Divorced,2911.0,15170,1.0,Y,No,17,3.0,4,80,1,5.0,1.0,2.0,5.0,2,4,3
34.0,No,Travel_Rarely,1346.0,Research & Development,19,2,Medical,1,18,2.0,Male,93,3,1,Laboratory Technician,4.0,Divorced,2661.0,8758,0.0,Y,No,11,3.0,3,80,1,3.0,2.0,3.0,2.0,2,1,2
28.0,Yes,Travel_Rarely,103.0,Research & Development,24,3,Life Sciences,1,19,3.0,Male,50,2,1,Laboratory Technician,3.0,Single,2028.0,12947,5.0,Y,Yes,14,3.0,2,80,0,6.0,4.0,3.0,4.0,2,0,3
29.0,No,Travel_Rarely,1389.0,Research & Development,21,4,Life Sciences,1,20,2.0,Female,51,4,3,Manufacturing Director,1.0,Divorced,1338.72,10195,1.0,Y,No,11,3.0,3,80,1,10.0,1.0,3.0,10.0,9,8,8
32.0,No,Travel_Rarely,334.0,Research & Development,5,2,Life Sciences,1,21,1.0,Male,80,4,1,Research Scientist,2.0,Divorced,3298.0,15053,0.0,Y,Yes,12,3.0,4,80,2,7.0,5.0,2.0,6.0,2,0,5
22.0,No,Non-Travel,1123.0,Research & Development,16,2,Medical,1,22,4.0,Male,96,4,1,Laboratory Technician,4.0,Divorced,2935.0,7324,1.0,Y,Yes,13,3.0,2,80,2,1.0,2.0,2.0,1.0,0,0,0
53.0,No,Travel_Rarely,1219.0,Sales,2,4,Life Sciences,1,23,1.0,Female,78,2,4,Manager,4.0,Married,15427.0,22021,2.0,Y,No,16,3.0,3,80,0,28.5,3.0,3.0,25.0,8,3,7
38.0,No,Travel_Rarely,371.0,Research & Development,2,3,Life Sciences,1,24,4.0,Male,45,3,1,Research Scientist,4.0,Single,3944.0,4306,5.0,Y,Yes,11,3.0,3,80,0,6.0,3.0,3.0,3.0,2,1,2
24.0,No,Non-Travel,673.0,Research & Development,11,2,Other,1,26,1.0,Female,96,4,2,Manufacturing Director,3.0,Divorced,4907.5,8232,0.0,Y,No,18,3.0,4,80,1,5.0,5.0,2.0,4.0,2,1,3
36.0,Yes,Travel_Rarely,1218.0,Sales,9,4,Life Sciences,1,27,3.0,Male,82,2,1,Sales Representative,1.0,Single,3407.0,6986,7.0,Y,No,23,4.0,2,80,0,10.0,4.0,3.0,5.0,3,0,3
34.0,No,Travel_Rarely,419.0,Research & Development,7,4,Life Sciences,1,28,1.0,Female,53,3,3,Research Director,2.0,Single,11994.0,21293,0.0,Y,No,11,3.0,3,80,0,13.0,4.0,3.0,12.0,6,2,11
21.0,No,Travel_Rarely,391.0,Research & Development,15,2,Life Sciences,1,30,3.0,Male,96,3,1,Research Scientist,4.0,Single,1338.72,19281,1.0,Y,No,14,3.0,4,80,0,1.0,6.0,3.0,0.0,0,0,0
34.0,Yes,Travel_Rarely,699.0,Research & Development,6,1,Medical,1,31,2.0,Male,83,3,1,Research Scientist,1.0,Single,2960.0,17102,2.0,Y,No,11,3.0,3,80,0,8.0,2.0,3.0,4.0,2,1,3
53.0,No,Travel_Rarely,1282.0,Research & Development,5,3,Other,1,32,3.0,Female,58,3,5,Manager,3.0,Divorced,16536.0,10735,4.0,Y,No,11,3.0,4,80,1,26.0,3.0,2.0,14.0,13,4,8
32.0,Yes,Travel_Frequently,1125.0,Research & Development,16,1,Life Sciences,1,33,2.0,Female,72,1,1,Research Scientist,1.0,Single,3919.0,4681,1.0,Y,Yes,22,4.0,2,80,0,10.0,5.0,3.0,10.0,2,6,7
42.0,No,Travel_Rarely,691.0,Sales,8,4,Marketing,1,35,3.0,Male,48,3,2,Sales Executive,2.0,Married,6825.0,21173,0.0,Y,No,11,3.0,4,80,1,10.0,2.0,3.0,9.0,7,4,2
44.0,No,Travel_Rarely,477.0,Research & Development,7,4,Medical,1,36,1.0,Female,42,2,3,Healthcare Representative,4.0,Married,10248.0,2094,3.0,Y,No,14,3.0,4,80,1,24.0,4.0,3.0,22.0,6,5,17
46.0,No,Travel_Rarely,705.0,Sales,2,4,Marketing,1,38,2.0,Female,83,3,5,Manager,1.0,Single,16536.0,22822,3.0,Y,No,12,3.0,4,80,0,22.0,2.0,2.0,2.0,2,2,1
33.0,No,Travel_Rarely,924.0,Research & Development,2,3,Medical,1,39,3.0,Male,78,3,1,Laboratory Technician,3.0,Single,2496.0,6670,4.0,Y,No,11,3.0,4,80,0,7.0,3.0,3.0,1.0,1,0,0
44.0,No,Travel_Rarely,1459.0,Research & Development,10,4,Other,1,40,4.0,Male,41,3,2,Healthcare Representative,4.0,Married,6465.0,19121,2.0,Y,Yes,13,3.0,4,80,0,9.0,5.0,4.0,4.0,2,1,3
30.0,No,Travel_Rarely,125.0,Research & Development,9,2,Medical,1,41,4.0,Male,83,2,1,Laboratory Technician,3.0,Single,2206.0,16117,1.0,Y,No,13,3.0,1,80,0,10.0,5.0,3.0,10.0,0,1,8
39.0,Yes,Travel_Rarely,895.0,Sales,5,3,Technical Degree,1,42,4.0,Male,56,3,2,Sales Representative,4.0,Married,2086.0,3335,3.0,Y,No,14,3.0,3,80,1,19.0,6.0,4.0,1.0,0,0,0
24.0,Yes,Travel_Rarely,813.0,Research & Development,1,3,Medical,1,45,2.0,Male,61,3,1,Research Scientist,4.0,Married,2293.0,3020,2.0,Y,Yes,16,3.0,1,80,1,6.0,2.0,2.0,2.0,0,2,0
43.0,No,Travel_Rarely,1273.0,Research & Development,2,2,Medical,1,46,4.0,Female,72,4,1,Research Scientist,3.0,Divorced,2645.0,21923,1.0,Y,No,12,3.0,4,80,2,28.5,3.0,2.0,5.0,3,1,4
50.0,Yes,Travel_Rarely,869.0,Sales,3,2,Marketing,1,47,1.0,Male,86,2,1,Sales Representative,3.0,Married,2683.0,3810,1.0,Y,Yes,14,3.0,3,80,0,3.0,2.0,3.0,3.0,2,0,2
35.0,No,Travel_Rarely,890.0,Sales,2,3,Marketing,1,49,4.0,Female,97,3,1,Sales Representative,4.0,Married,2014.0,9687,1.0,Y,No,13,3.0,1,80,0,2.0,3.0,3.0,2.0,2,2,2
36.0,No,Travel_Rarely,852.0,Research & Development,5,4,Life Sciences,1,51,2.0,Female,82,2,1,Research Scientist,1.0,Married,3419.0,13072,9.0,Y,Yes,14,3.0,4,80,1,6.0,3.0,4.0,1.0,1,0,0
33.0,No,Travel_Frequently,1141.0,Sales,1,3,Life Sciences,1,52,3.0,Female,42,4,2,Sales Executive,1.0,Married,5376.0,3193,2.0,Y,No,19,3.0,1,80,2,10.0,3.0,3.0,5.0,3,1,3
35.0,No,Travel_Rarely,464.0,Research & Development,4,2,Other,1,53,3.0,Male,75,3,1,Laboratory Technician,4.0,Divorced,1951.0,10910,1.0,Y,No,12,3.0,3,80,1,1.0,3.0,3.0,1.0,0,0,0
27.0,No,Travel_Rarely,1240.0,Research & Development,2,4,Life Sciences,1,54,4.0,Female,33,3,1,Laboratory Technician,1.0,Divorced,2341.0,19715,1.0,Y,No,13,3.0,4,80,1,1.0,6.0,3.0,1.0,0,0,0
26.0,Yes,Travel_Rarely,1357.0,Research & Development,25,3,Life Sciences,1,55,1.0,Male,48,1,1,Laboratory Technician,3.0,Single,2293.0,10558,1.0,Y,No,12,3.0,3,80,0,1.0,2.0,2.0,1.0,0,0,1
27.0,No,Travel_Frequently,994.0,Sales,8,3,Life Sciences,1,56,4.0,Male,37,3,3,Sales Executive,3.0,Single,8726.0,2975,1.0,Y,No,15,3.0,4,80,0,9.0,0.0,3.0,9.0,8,1,7
30.0,No,Travel_Frequently,721.0,Research & Development,1,2,Medical,1,57,3.0,Female,58,3,2,Laboratory Technician,4.0,Single,4011.0,10781,1.0,Y,No,23,4.0,4,80,0,12.0,2.0,3.0,12.0,8,3,7
41.0,Yes,Travel_Rarely,1360.0,Research & Development,12,3,Technical Degree,1,58,2.0,Female,49,3,5,Research Director,3.0,Married,16536.0,16280,1.0,Y,No,12,3.0,4,80,0,23.0,0.0,3.0,31.0,15,15,8
34.0,No,Non-Travel,1065.0,Sales,23,4,Marketing,1,60,2.0,Male,72,3,2,Sales Executive,3.0,Single,4568.0,10034,0.0,Y,No,20,4.0,3,80,0,10.0,2.0,3.0,9.0,5,8,7
37.0,No,Travel_Rarely,408.0,Research & Development,19,2,Life Sciences,1,61,2.0,Male,73,3,1,Research Scientist,2.0,Married,3022.0,10227,4.0,Y,No,21,4.0,1,80,0,8.0,1.0,3.0,1.0,0,0,0
46.0,No,Travel_Frequently,1211.0,Sales,5,4,Marketing,1,62,1.0,Male,98,3,2,Sales Executive,4.0,Single,5772.0,20445,4.0,Y,Yes,21,4.0,3,80,0,14.0,4.0,3.0,9.0,6,0,8
35.0,No,Travel_Rarely,1229.0,Research & Development,8,1,Life Sciences,1,63,4.0,Male,36,4,1,Laboratory Technician,4.0,Married,2269.0,4892,1.0,Y,No,19,3.0,4,80,0,1.0,2.0,3.0,1.0,0,0,1
48.0,Yes,Travel_Rarely,626.0,Research & Development,1,2,Life Sciences,1,64,1.0,Male,98,2,3,Laboratory Technician,3.0,Single,5381.0,19294,9.0,Y,Yes,13,3.0,4,80,0,23.0,2.0,3.0,1.0,0,0,0
28.0,Yes,Travel_Rarely,1434.0,Research & Development,5,4,Technical Degree,1,65,3.0,Male,50,3,1,Laboratory Technician,3.0,Single,3441.0,11179,1.0,Y,Yes,13,3.0,3,80,0,2.0,3.0,2.0,2.0,2,2,2
44.0,No,Travel_Rarely,1488.0,Sales,1,5,Marketing,1,68,2.0,Female,75,3,2,Sales Executive,1.0,Divorced,5454.0,4009,5.0,Y,Yes,21,4.0,3,80,1,9.0,2.0,2.0,4.0,3,1,3
35.0,No,Non-Travel,1097.0,Research & Development,11,2,Medical,1,70,3.0,Male,79,2,3,Healthcare Representative,1.0,Married,9884.0,8302,2.0,Y,Yes,13,3.0,3,80,1,10.0,3.0,3.0,4.0,0,2,3
26.0,No,Travel_Rarely,1443.0,Sales,23,3,Marketing,1,72,3.0,Female,47,2,2,Sales Executive,4.0,Married,4157.0,21436,7.0,Y,Yes,19,3.0,3,80,1,5.0,2.0,2.0,2.0,2,0,0
33.0,No,Travel_Frequently,515.0,Research & Development,1,2,Life Sciences,1,73,1.0,Female,98,3,3,Research Director,4.0,Single,16536.0,15146,1.0,Y,Yes,12,3.0,3,80,0,15.0,1.0,3.0,15.0,14,8,12
35.0,No,Travel_Frequently,853.0,Sales,18,5,Life Sciences,1,74,2.0,Male,71,3,3,Sales Executive,1.0,Married,9069.0,11031,1.0,Y,No,22,4.0,4,80,1,9.0,3.0,2.0,9.0,8,1,8
35.0,No,Travel_Rarely,1142.0,Research & Development,23,4,Medical,1,75,3.0,Female,30,3,1,Laboratory Technician,1.0,Married,4014.0,16002,3.0,Y,Yes,15,3.0,3,80,1,4.0,3.0,3.0,2.0,2,2,2
31.0,No,Travel_Rarely,655.0,Research & Development,7,4,Life Sciences,1,76,4.0,Male,48,3,2,Laboratory Technician,4.0,Divorced,5915.0,9528,3.0,Y,No,22,4.0,4,80,1,10.0,3.0,2.0,7.0,7,1,7
37.0,No,Travel_Rarely,1115.0,Research & Development,1,4,Life Sciences,1,77,1.0,Male,51,2,2,Manufacturing Director,3.0,Divorced,5993.0,2689,1.0,Y,No,18,3.0,3,80,1,7.0,2.0,4.0,7.0,5,0,7
32.0,No,Travel_Rarely,427.0,Research & Development,1,3,Life Sciences,1,78,1.0,Male,33,3,2,Manufacturing Director,4.0,Married,6162.0,10877,1.0,Y,Yes,22,4.0,2,80,1,9.0,3.0,3.0,9.0,8,7,8
38.0,No,Travel_Frequently,653.0,Research & Development,29,5,Life Sciences,1,79,4.0,Female,50,3,2,Laboratory Technician,4.0,Single,2406.0,5456,1.0,Y,No,11,3.0,4,80,0,10.0,2.0,3.0,10.0,3,9,9
50.0,No,Travel_Rarely,989.0,Research & Development,7,2,Medical,1,80,2.0,Female,43,2,5,Research Director,3.0,Divorced,16536.0,16701,5.0,Y,Yes,12,3.0,4,80,1,28.5,2.0,2.0,27.0,3,13,8
59.0,No,Travel_Rarely,1435.0,Sales,25,3,Life Sciences,1,81,1.0,Female,99,3,3,Sales Executive,1.0,Single,7637.0,2354,7.0,Y,No,11,3.0,4,80,0,28.0,3.0,2.0,21.0,16,7,9
36.0,No,Travel_Rarely,1223.0,Research & Development,8,3,Technical Degree,1,83,3.0,Female,59,3,3,Healthcare Representative,3.0,Divorced,10096.0,8202,1.0,Y,No,13,3.0,2,80,3,17.0,2.0,3.0,17.0,14,12,8
55.0,No,Travel_Rarely,836.0, Sales,8,3,Medical,1,84,4.0,Female,33,3,4,Manager,3.0,Divorced,14756.0,19730,2.0,Y,Yes,14,3.0,3,80,3,21.0,2.0,3.0,5.0,0,0,2
36.0,No,Travel_Frequently,1195.0,Research & Development ,11,3,Life Sciences,1,85,2.0,Male,95,2,2,Manufacturing Director,2.0,Single,6499.0,22656,1.0,Y,No,13,3.0,3,80,0,6.0,3.0,3.0,6.0,5,0,3
45.0,No,Travel_Rarely,1339.0,  Human Resources,7,3,Life Sciences,1,86,2.0,Male,59,3,3,Research Scientist,1.0,Divorced,9724.0,18787,2.0,Y,No,17,3.0,3,80,1,25.0,2.0,3.0,1.0,0,0,0
35.0,No,Travel_Frequently,664.0,Research & Development,1,3,Medical,1,88,2.0,Male,79,3,1,Research Scientist,1.0,Married,2194.0,5868,4.0,Y,No,13,3.0,4,80,1,5.0,2.0,2.0,3.0,2,1,2
36.0,Yes,Travel_Rarely,318.0,Research & Development,9,3,Medical,1,90,4.0,Male,79,2,1,Research Scientist,3.0,Married,3388.0,21777,0.0,Y,Yes,17,3.0,1,80,1,2.0,0.0,2.0,1.0,0,0,0
59.0,No,Travel_Frequently,1225.0,Sales,1,1,Life Sciences,1,91,1.0,Female,57,2,2,Sales Executive,3.0,Single,5473.0,24668,7.0,Y,No,11,3.0,4,80,0,10.0,2.0,2.0,4.0,3,1,3
29.0,No,Travel_Rarely,1328.0,Research & Development,2,3,Life Sciences,1,94,3.0,Male,76,3,1,Research Scientist,2.0,Married,2703.0,4956,0.0,Y,No,23,4.0,4,80,1,6.0,3.0,3.0,5.0,4,0,4
31.0,No,Travel_Rarely,1082.0,Research & Development,1,4,Medical,1,95,3.0,Male,87,3,1,Research Scientist,2.0,Single,2501.0,18775,1.0,Y,No,17,3.0,2,80,0,1.0,4.0,3.0,1.0,1,1,0
32.0,No,Travel_Rarely,548.0,Research & Development,1,3,Life Sciences,1,96,2.0,Male,66,3,2,Research Scientist,2.0,Married,6220.0,7346,1.0,Y,No,17,3.0,2,80,2,10.0,3.0,3.0,10.0,4,0,9
36.0,No,Travel_Rarely,132.0,Research & Development,6,3,Life Sciences,1,97,2.0,Female,55,4,1,Laboratory Technician,4.0,Married,3038.0,22002,3.0,Y,No,12,3.0,2,80,0,5.0,3.0,3.0,1.0,0,0,0
31.0,No,Travel_Rarely,746.0,Research & Development,8,4,Life Sciences,1,98,3.0,Female,61,3,2, Sales Executive,4.0,Single,4424.0,20682,1.0,Y,No,23,4.0,4,80,0,11.0,2.0,3.0,11.0,7,1,8
35.0,No,Travel_Rarely,776.0,Sales,1,4,Marketing,1,100,3.0,Male,32,2,2,Manager ,1.0,Single,4312.0,23016,0.0,Y,No,14,3.0,2,80,0,16.0,2.0,3.0,15.0,13,2,8
45.0,No,Travel_Rarely,193.0,Research & Development,6,4,Other,1,101,4.0,Male,52,3,3,Research Director,1.0,Married,13245.0,15067,4.0,Y,Yes,14,3.0,2,80,0,17.0,3.0,4.0,0.0,0,0,0
37.0,No,Travel_Rarely,397.0,Research & Development,7,4,Medical,1,102,1.0,Male,30,3,3,Research Director,3.0,Single,13664.0,25258,4.0,Y,No,13,3.0,1,80,0,16.0,3.0,4.0,5.0,2,0,2
46.0,No,Travel_Rarely,945.0,Human Resources,5,2,Medical,1,103,2.0,Male,80,3,2,Human Resources,2.0,Divorced,5021.0,10425,8.0,Y,Yes,22,4.0,4,80,1,16.0,2.0,3.0,4.0,2,0,2
30.0,No,Travel_Rarely,852.0,Research & Development,1,1,Life Sciences,1,104,4.0,Male,55,2,2,Laboratory Technician,4.0,Married,5126.0,15998,1.0,Y,Yes,12,3.0,3,80,2,10.0,1.0,2.0,5.0,8,3,0
35.0,No,Travel_Rarely,1214.0,Research & Development,1,3,Medical,1,105,2.0,Male,30,2,1,Research Scientist,3.0,Single,2859.0,26278,1.0,Y,No,18,3.0,1,80,0,6.0,3.0,3.0,6.0,4,0,4
55.0,No,Travel_Rarely,111.0,Sales,1,2,Life Sciences,1,106,1.0,Male,70,3,3,Sales Executive,4.0,Married,10239.0,18092,3.0,Y,No,14,3.0,4,80,1,24.0,4.0,3.0,1.0,0,1,0
38.0,No,Non-Travel,573.0,Research & Development,6,3,Medical,1,107,2.0,Female,79,1,2,Research Scientist,4.0,Divorced,5329.0,15717,7.0,Y,Yes,12,3.0,4,80,3,17.0,3.0,3.0,13.0,11,1,9
34.0,No,Travel_Rarely,1153.0,Research & Development,1,2,Medical,1,110,1.0,Male,94,3,2,Manufacturing Director,2.0,Married,4325.0,17736,1.0,Y,No,15,3.0,3,80,0,5.0,2.0,3.0,5.0,2,1,3
56.0,No,Travel_Rarely,1400.0,Research & Development,7,3,Life Sciences,1,112,4.0, Male,49,1,3,Manufacturing Director,4.0,Single,7260.0,21698,4.0,Y,No,11,3.0,1,80,0,28.5,3.0,2.0,6.0,4,0,2
23.0,No,Travel_Rarely,541.0,Sales,2,1,Technical Degree,1,113,3.0,Female ,62,3,1,Sales Representative,1.0,Divorced,2322.0,9518,3.0,Y,No,13,3.0,3,80,1,3.0,3.0,3.0,0.0,0,0,0
51.0,No,Travel_Rarely,432.0,Research & Development,9,4,Life Sciences,1,116,4.0,Male,96,3,1,Laboratory Technician,4.0,Married,2075.0,18725,3.0,Y,No,23,4.0,2,80,2,10.0,4.0,3.0,4.0,2,0,3
30.0,No,Travel_Rarely,288.0,Research & Development,2,3,Life Sciences,1,117,3.0,Male,99,2,2,Healthcare Representative,4.0,Married,4152.0,15830,1.0,Y,No,19,3.0,1,80,3,11.0,3.0,3.0,11.0,10,10,8
46.0,Yes,Travel_Rarely,669.0,Sales,9,2,Medical,1,118,3.0,Male,64,2,3,Sales Executive,4.0,Single,9619.0,13596,1.0,Y,No,16,3.0,4,80,0,9.0,3.0,3.0,9.0,8,4,7
40.0,No,Travel_Frequently,530.0,Research & Development,1,4,Life Sciences,1,119,3.0,Male,78,2,4,Healthcare Representative,2.0,Married,13503.0,14115,1.0,Y,No,22,4.0,4,80,1,22.0,3.0,2.0,22.0,3,11,11
51.0,No,Travel_Rarely,632.0,Sales,21,4,Marketing,1,120,3.0,Male,71,3,2,Sales Executive,4.0,Single,5441.0,8423,0.0,Y,Yes,22,4.0,4,80,0,11.0,2.0,1.0,10.0,7,1,0
30.0,No,Travel_Rarely,1334.0,Sales,4,2,Medical,1,121,3.0,Female,63,2,2,Sales Executive,2.0,Divorced,5209.0,19760,1.0,Y,Yes,12,3.0,2,80,3,11.0,4.0,2.0,11.0,8,2,7
46.0,No,Travel_Frequently,638.0,Research & Development,1,3,Medical,1,124,3.0,Male,40,2,3,Healthcare Representative,1.0,Married,10673.0,3142,2.0,Y,Yes,13,3.0,3,80,1,21.0,5.0,2.0,10.0,9,9,5
32.0,No,Travel_Rarely,1093.0,Sales,6,4,Medical,1,125,2.0,Male,87,3,2,Sales Executive,3.0,Single,5010.0,24301,1.0,Y,No,16,3.0,1,80,0,12.0,0.0,3.0,11.0,8,5,7
54.0,No,Travel_Rarely,1217.0,Research & Development,2,4,Technical Degree,1,126,1.0,Female,60,3,3,Research Director,3.0,Married,13549.0,24001,9.0,Y,No,12,3.0,1,80,1,16.0,5.0,1.0,4.0,3,0,3
24.0,No,Travel_Rarely,1353.0,Sales,3,2,Other,1,128,1.0,Female,33,3,2,Sales Executive,3.0,Married,4999.0,17519,0.0,Y,No,21,4.0,1,80,1,4.0,2.0,2.0,3.0,2,0,2
28.0,No,Non-Travel,120.0,Sales,4,3,Medical,1,129,2.0,Male,43,3,2,Sales Executive,3.0,Married,4221.0,8863,1.0,Y,No,15,3.0,2,80,0,5.0,3.0,4.0,5.0,4,0,4
58.0,No,Travel_Rarely,682.0,Sales,10,4,Medical,1,131,4.0,Male,37,3,4,Sales Executive,3.0,Single,13872.0,24409,0.0,Y,No,13,3.0,3,80,0,28.5,1.0,2.0,31.0,10,1,8
44.0,No,Non-Travel,489.0,Research & Development,23,3,Medical,1,132,2.0,Male,67,3,2,Laboratory Technician,2.0,Married,2042.0,25043,4.0,Y,No,12,3.0,3,80,1,17.0,3.0,4.0,3.0,2,1,2
37.0,Yes,Travel_Rarely,807.0,Human Resources,6,4,Human Resources,1,133,3.0,Male,63,3,1,Sales Executive,1.0,Divorced,2073.0,23648,4.0,Y,Yes,22,4.0,4,80,0,7.0,3.0,3.0,3.0,2,0,2
32.0,No,Travel_Rarely,827.0,Research & Development,1,1,Life Sciences,1,134,4.0,Male,71,3,1,Research Scientist,1.0,Single,2956.0,15178,1.0,Y,No,13,3.0,4,80,0,1.0,2.0,3.0,1.0,0,0,0
20.0,Yes,Travel_Frequently,871.0,Research & Development,6,3,Life Sciences,1,137,4.0,Female,66,2,1,Laboratory Technician,4.0,Single,2926.0,19783,1.0,Y,Yes,18,3.0,2,80,0,1.0,5.0,3.0,1.0,0,1,0
34.0,No,Travel_Rarely,665.0,Research & Development,6,4,Other,1,138,1.0,Female,41,3,2,Research Scientist,3.0,Single,4809.0,12482,1.0,Y,No,14,3.0,3,80,0,16.0,3.0,3.0,16.0,13,2,10
37.0,No,Non-Travel,1040.0,Research & Development,2,2,Life Sciences,1,139,3.0,Male,100,2,2,Healthcare Representative,4.0,Divorced,5163.0,15850,5.0,Y,No,14,3.0,4,80,1,17.0,2.0,4.0,1.0,0,0,0
59.0,No,Non-Travel,1420.0,Human Resources,2,4,Human Resources,1,140,3.0,Female,32,2,5,Manager,4.0,Married,16536.0,21922,9.0,Y,No,21,4.0,4,80,1,28.5,3.0,3.0,3.0,2,2,2
50.0,No,Travel_Frequently,1115.0,Research & Development,1,3,Life Sciences,1,141,1.0,Female,73,3,5,Research Director,2.0,Married,16536.0,9755,3.0,Y,Yes,19,3.0,1,80,0,28.0,1.0,2.0,8.0,3,0,7
25.0,Yes,Travel_Rarely,240.0,Sales,5,3,Marketing,1,142,3.0,Male,46,2,2,Sales Executive,3.0,Single,5744.0,26959,1.0,Y,Yes,11,3.0,4,80,0,6.0,1.0,3.0,6.0,4,0,3
25.0,No,Travel_Rarely,1280.0,Research & Development,7,1,Medical,1,143,4.0,Male,64,2,1,Research Scientist,4.0,Married,2889.0,26897,1.0,Y,No,11,3.0,3,80,2,2.0,2.0,3.0,2.0,2,2,1
22.0,No,Travel_Rarely,534.0,Research & Development,15,3,Medical,1,144,2.0,Female,59,3,1,Laboratory Technician,4.0,Single,2871.0,23785,1.0,Y,No,15,3.0,3,80,0,1.0,5.0,3.0,0.0,0,0,0
51.0,No,Travel_Frequently,1456.0,Research & Development,1,4,Medical,1,145,1.0,Female,30,2,3,Healthcare Representative,1.0,Single,7484.0,25796,3.0,Y,No,20,4.0,3,80,0,23.0,1.0,2.0,13.0,12,12,8
34.0,Yes,Travel_Frequently,658.0,Research & Development,7,3,Life Sciences,1,147,1.0,Male,66,1,2,Laboratory Technician,3.0,Single,6074.0,22887,1.0,Y,Yes,24,4.0,4,80,0,9.0,3.0,3.0,9.0,7,0,6
54.0,No,Non-Travel,142.0,Human Resources,26,3,Human Resources,1,148,4.0,Female,30,4,4,Manager,4.0,Single,16536.0,13871,2.0,Y,Yes,12,3.0,3,80,0,23.0,3.0,3.0,5.0,3,4,4
24.0,No,Travel_Rarely,1127.0,Research & Development,18,1,Life Sciences,1,150,2.0,Male,52,3,1,Laboratory Technician,3.0,Married,2774.0,13257,0.0,Y,No,12,3.0,3,80,1,6.0,2.0,3.0,5.0,3,1,2
34.0,No,Travel_Rarely,1031.0,Research & Development,6,4,Life Sciences,1,151,3.0,Female,45,2,2,Research Scientist,2.0,Divorced,4505.0,15000,6.0,Y,No,15,3.0,3,80,1,12.0,3.0,3.0,1.0,0,0,0
37.0,No,Travel_Rarely,1189.0,Sales,3,3,Life Sciences,1,152,3.0,Male,87,3,3,Sales Executive,4.0,Single,7428.0,14506,2.0,Y,No,12,3.0,1,80,0,12.0,3.0,3.0,5.0,3,1,3
34.0,No,Travel_Rarely,1354.0,Research & Development,5,3,Medical,1,153,3.0,Female,45,2,3,Manager,1.0,Single,11631.0,5615,2.0,Y,No,12,3.0,4,80,0,14.0,6.0,3.0,11.0,10,5,8
36.0,No,Travel_Frequently,1467.0,Sales,11,2,Technical Degree,1,154,2.0,Female,92,3,3,Sales Executive,4.0,Married,9738.0,22952,0.0,Y,No,14,3.0,3,80,1,10.0,6.0,3.0,9.0,7,2,8
36.0,No,Travel_Rarely,922.0,Research & Development,3,2,Life Sciences,1,155,1.0,Female,39,3,1,Laboratory Technician,4.0,Divorced,2835.0,2561,5.0,Y,No,22,4.0,1,80,1,7.0,2.0,3.0,1.0,0,0,0
43.0,No,Travel_Frequently,394.0,Sales,26,2,Life Sciences,1,158,3.0,Male,92,3,4,Manager,4.0,Married,16536.0,19494,1.0,Y,Yes,12,3.0,4,80,2,25.0,3.0,4.0,25.0,12,4,12
30.0,No,Travel_Frequently,1312.0,Research & Development,23,3,Life Sciences,1,159,1.0,Male,96,1,1,Research Scientist,3.0,Divorced,2613.0,22310,1.0,Y,No,25,4.0,3,80,3,10.0,2.0,2.0,10.0,7,0,9
33.0,No,Non-Travel,750.0,Sales,22,2,Marketing,1,160,3.0,Male,95,3,2,Sales Executive,2.0,Married,6146.0,15480,0.0,Y,No,13,3.0,1,80,1,8.0,2.0,4.0,7.0,7,0,7
56.0,Yes,Travel_Rarely,441.0,Research & Development,14,4,Life Sciences,1,161,2.0,Female,72,3,1,Research Scientist,2.0,Married,4963.0,4510,9.0,Y,Yes,18,3.0,1,80,3,7.0,2.0,3.0,5.0,4,4,3
51.0,No,Travel_Rarely,684.0,Research & Development,6,3,Life Sciences,1,162,1.0,Male,51,3,5,Research Director,3.0,Single,16536.0,6462,7.0,Y,No,13,3.0,3,80,0,23.0,5.0,3.0,20.0,18,15,15
31.0,Yes,Travel_Rarely,249.0,Sales,6,4,Life Sciences,1,163,2.0,Male,76,1,2,Sales Executive,3.0,Married,6172.0,20739,4.0,Y,Yes,18,3.0,2,80,0,12.0,3.0,2.0,7.0,7,7,7
26.0,No,Travel_Rarely,841.0,Research & Development,6,3,Other,1,164,3.0,Female,46,2,1,Research Scientist,2.0,Married,2368.0,23300,1.0,Y,No,19,3.0,3,80,0,5.0,3.0,2.0,5.0,4,4,3
58.0,Yes,Travel_Rarely,147.0,Research & Development,23,4,Medical,1,165,4.0,Female,94,3,3,Healthcare Representative,4.0,Married,10312.0,3465,1.0,Y,No,12,3.0,4,80,1,28.5,3.0,2.0,31.0,10,15,6
19.0,Yes,Travel_Rarely,528.0,Sales,22,1,Marketing,1,167,4.0,Male,50,3,1,Sales Representative,3.0,Single,1675.0,26820,1.0,Y,Yes,19,3.0,4,80,0,1.0,2.0,2.0,0.0,0,0,0
22.0,No,Travel_Rarely,594.0,Research & Development,2,1,Technical Degree,1,169,3.0,Male,100,3,1,Laboratory Technician,4.0,Married,2523.0,19299,0.0,Y,No,14,3.0,3,80,1,3.0,2.0,3.0,2.0,1,2,1
49.0,No,Travel_Rarely,470.0,Research & Development,20,4,Medical,1,170,3.0,Female,96,3,2,Manufacturing Director,1.0,Married,6567.0,5549,1.0,Y,No,14,3.0,3,80,0,16.0,2.0,2.0,15.0,11,5,11
43.0,No,Travel_Frequently,957.0,Research & Development,28,3,Medical,1,171,2.0,Female,72,4,1,Research Scientist,3.0,Single,4739.0,16090,4.0,Y,No,12,3.0,4,80,0,18.0,2.0,3.0,3.0,2,1,2
50.0,No,Travel_Frequently,809.0,Sales,12,3,Marketing,1,174,3.0,Female,77,3,3,Sales Executive,4.0,Single,9208.0,6645,4.0,Y,No,11,3.0,4,80,0,16.0,3.0,3.0,2.0,2,2,1
31.0,Yes,Travel_Rarely,542.0,Sales,20,3,Life Sciences,1,175,2.0,Female,71,1,2,Sales Executive,3.0,Married,4559.0,24788,3.0,Y,Yes,11,3.0,3,80,1,4.0,2.0,3.0,2.0,2,2,2
41.0,No,Travel_Rarely,802.0,Sales,9,1,Life Sciences,1,176,3.0,Male,96,3,3,Sales Executive,3.0,Divorced,8189.0,21196,3.0,Y,Yes,13,3.0,3,80,1,12.0,2.0,3.0,9.0,7,0,7
26.0,No,Travel_Rarely,1355.0,Human Resources,25,1,Life Sciences,1,177,3.0,Female,61,3,1,Human Resources,3.0,Married,2942.0,8916,1.0,Y,No,23,4.0,4,80,1,8.0,3.0,3.0,8.0,7,5,7
36.0,No,Travel_Rarely,216.0,Research & Development,6,2,Medical,1,178,2.0,Male,84,3,2,Manufacturing Director,2.0,Divorced,4941.0,2819,6.0,Y,No,20,4.0,4,80,2,7.0,0.0,3.0,3.0,2,0,1
51.0,Yes,Travel_Frequently,1150.0,Research & Development,8,4,Life Sciences,1,179,1.0,Male,53,1,3,Manufacturing Director,4.0,Single,10650.0,25150,2.0,Y,No,15,3.0,4,80,0,18.0,2.0,3.0,4.0,2,0,3
39.0,No,Travel_Rarely,1329.0,Sales,4,4,Life Sciences,1,182,4.0,Female,47,2,2,Sales Executive,3.0,Married,5902.0,14590,4.0,Y,No,14,3.0,3,80,1,17.0,1.0,4.0,15.0,11,5,9
25.0,No,Travel_Rarely,959.0,Sales,28,3,Life Sciences,1,183,1.0,Male,41,2,2,Sales Executive,3.0,Married,8639.0,24835,2.0,Y,No,18,3.0,4,80,0,6.0,3.0,3.0,2.0,2,2,2
30.0,No,Travel_Rarely,1240.0,Human Resources,9,3,Human Resources,1,184,3.0,Male,48,3,2,Human Resources,4.0,Married,6347.0,13982,0.0,Y,Yes,19,3.0,4,80,0,12.0,2.0,1.0,11.0,9,4,7
32.0,Yes,Travel_Rarely,1033.0,Research & Development,9,3,Medical,1,190,1.0,Female,41,3,1,Laboratory Technician,1.0,Single,4200.0,10224,7.0,Y,No,22,4.0,1,80,0,10.0,2.0,4.0,5.0,4,0,4
45.0,No,Travel_Rarely,1316.0,Research & Development,29,3,Medical,1,192,3.0,Male,83,3,1,Research Scientist,4.0,Single,3452.0,9752,5.0,Y,No,13,3.0,2,80,0,9.0,2.0,2.0,6.0,5,0,3
38.0,No,Travel_Rarely,364.0,Research & Development,3,5,Technical Degree,1,193,4.0,Female,32,3,2,Research Scientist,3.0,Single,4317.0,2302,3.0,Y,Yes,20,4.0,2,80,0,19.0,2.0,3.0,3.0,2,2,2
30.0,No,Travel_Rarely,438.0,Research & Development,18,3,Life Sciences,1,194,1.0,Female,75,3,1,Research Scientist,3.0,Single,2632.0,23910,1.0,Y,No,14,3.0,3,80,0,5.0,4.0,2.0,5.0,4,0,4
32.0,No,Travel_Frequently,689.0,Sales,9,2,Medical,1,195,4.0,Male,35,1,2,Sales Executive,4.0,Divorced,4668.0,22812,0.0,Y,No,17,3.0,4,80,3,9.0,2.0,4.0,8.0,7,0,7
30.0,No,Travel_Rarely,201.0,Research & Development,5,3,Technical Degree,1,197,4.0,Female,84,3,1,Research Scientist,1.0,Divorced,3204.0,10415,5.0,Y,No,14,3.0,4,80,1,8.0,3.0,3.0,3.0,2,2,2
30.0,No,Travel_Rarely,1427.0,Research & Development,2,1,Medical,1,198,2.0,Male,35,2,1,Laboratory Technician,4.0,Single,2720.0,11162,0.0,Y,No,13,3.0,4,80,0,6.0,3.0,3.0,5.0,3,1,2
41.0,No,Travel_Frequently,857.0,Research & Development,10,3,Life Sciences,1,199,4.0,Male,91,2,4,Manager,1.0,Divorced,16536.0,12888,4.0,Y,No,13,3.0,2,80,1,21.0,2.0,2.0,7.0,6,7,7
41.0,No,Travel_Rarely,933.0,Research & Development,9,4,Life Sciences,1,200,3.0,Male,94,3,1,Laboratory Technician,1.0,Married,2238.0,6961,2.0,Y,No,21,4.0,4,80,1,7.0,2.0,3.0,5.0,0,1,4
19.0,No,Travel_Rarely,1181.0,Research & Development,3,1,Medical,1,201,2.0,Female,79,3,1,Laboratory Technician,2.0,Single,1483.0,16102,1.0,Y,No,14,3.0,4,80,0,1.0,3.0,3.0,1.0,0,0,0
40.0,No,Travel_Frequently,1395.0,Research & Development,26,3,Medical,1,202,2.0,Female,54,3,2,Research Scientist,2.0,Divorced,5605.0,8504,1.0,Y,No,11,3.0,1,80,1,20.0,2.0,3.0,20.0,7,2,13
35.0,No,Travel_Rarely,662.0,Sales,1,5,Marketing,1,204,3.0,Male,94,3,3,Sales Executive,2.0,Married,7295.0,11439,1.0,Y,No,13,3.0,1,80,2,10.0,3.0,3.0,10.0,8,0,6
53.0,No,Travel_Rarely,1436.0,Sales,6,2,Marketing,1,205,2.0,Male,34,3,2,Sales Representative,3.0,Married,2306.0,16047,2.0,Y,Yes,20,4.0,4,80,1,13.0,3.0,1.0,7.0,7,4,5
45.0,No,Travel_Rarely,194.0,Research & Development,9,3,Life Sciences,1,206,2.0,Male,60,3,2,Laboratory Technician,2.0,Divorced,2348.0,10901,8.0,Y,No,18,3.0,3,80,1,20.0,2.0,1.0,17.0,9,0,15
32.0,No,Travel_Frequently,967.0,Sales,8,3,Marketing,1,207,2.0,Female,43,3,3,Sales Executive,4.0,Single,8998.0,15589,1.0,Y,No,14,3.0,4,80,0,9.0,2.0,3.0,9.0,8,3,7
29.0,No,Non-Travel,1496.0,Research & Development,1,1,Technical Degree,1,208,4.0,Male,41,3,2,Manufacturing Director,3.0,Married,4319.0,26283,1.0,Y,No,13,3.0,1,80,1,10.0,1.0,3.0,10.0,7,0,9
51.0,No,Travel_Rarely,1169.0,Research & Development,7,4,Medical,1,211,2.0,Male,34,2,2,Manufacturing Director,3.0,Married,6132.0,13983,2.0,Y,No,17,3.0,3,80,0,10.0,2.0,3.0,1.0,0,0,0
58.0,No,Travel_Rarely,1145.0,Research & Development,9,3,Medical,1,214,2.0,Female,75,2,1,Research Scientist,2.0,Married,3346.0,11873,4.0,Y,Yes,20,4.0,2,80,1,9.0,3.0,2.0,1.0,0,0,0
40.0,No,Travel_Rarely,630.0,Sales,4,4,Marketing,1,215,3.0,Male,67,2,3,Sales Executive,4.0,Married,10855.0,8552,7.0,Y,No,11,3.0,1,80,1,15.0,2.0,2.0,12.0,11,2,11
34.0,No,Travel_Frequently,303.0,Sales,2,4,Marketing,1,216,3.0,Female,75,3,1,Sales Representative,3.0,Married,2231.0,11314,6.0,Y,No,18,3.0,4,80,1,6.0,3.0,3.0,4.0,3,1,2
22.0,No,Travel_Rarely,1256.0,Research & Development,19,1,Medical,1,217,3.0,Male,80,3,1,Research Scientist,4.0,Married,2323.0,11992,1.0,Y,No,24,4.0,1,80,2,2.0,6.0,3.0,2.0,2,2,2
27.0,No,Non-Travel,691.0,Research & Development,9,3,Medical,1,218,4.0,Male,57,3,1,Research Scientist,2.0,Divorced,2024.0,5970,6.0,Y,No,18,3.0,4,80,1,6.0,1.0,1.0,2.0,2,2,2
28.0,No,Travel_Rarely,440.0,Research & Development,21,3,Medical,1,221,3.0,Male,42,3,1,Research Scientist,4.0,Married,2713.0,6672,1.0,Y,No,11,3.0,3,80,1,5.0,2.0,1.0,5.0,2,0,2
57.0,No,Travel_Rarely,334.0,Research & Development,24,2,Life Sciences,1,223,3.0,Male,83,4,3,Healthcare Representative,4.0,Divorced,9439.0,23402,3.0,Y,Yes,16,3.0,2,80,1,12.0,2.0,1.0,5.0,3,1,4
27.0,No,Non-Travel,1450.0,Research & Development,3,3,Medical,1,224,3.0,Male,79,2,1,Research Scientist,3.0,Divorced,2566.0,25326,1.0,Y,Yes,15,3.0,4,80,1,1.0,2.0,2.0,1.0,1,0,1
50.0,No,Travel_Rarely,1452.0,Research & Development,11,3,Life Sciences,1,226,3.0,Female,53,3,5,Manager,2.0,Single,16536.0,17053,3.0,Y,No,15,3.0,2,80,0,21.0,5.0,3.0,5.0,4,4,4
41.0,No,Travel_Rarely,465.0,Research & Development,14,3,Life Sciences,1,227,1.0,Male,56,3,1,Research Scientist,3.0,Divorced,2451.0,4609,4.0,Y,No,12,3.0,1,80,1,13.0,2.0,3.0,9.0,8,1,8
30.0,No,Travel_Rarely,1339.0,Sales,5,3,Life Sciences,1,228,2.0,Female,41,3,3,Sales Executive,4.0,Married,9419.0,8053,2.0,Y,No,12,3.0,3,80,1,12.0,2.0,3.0,10.0,9,7,4
38.0,No,Travel_Rarely,702.0,Sales,1,4,Life Sciences,1,230,1.0,Female,59,2,2,Sales Executive,4.0,Single,8686.0,12930,4.0,Y,No,22,4.0,3,80,0,12.0,2.0,4.0,8.0,3,0,7
32.0,No,Travel_Rarely,120.0,Research & Development,6,5,Life Sciences,1,231,3.0,Male,43,3,1,Research Scientist,3.0,Single,3038.0,12430,3.0,Y,No,20,4.0,1,80,0,8.0,2.0,3.0,5.0,4,1,4
27.0,No,Travel_Rarely,1157.0,Research & Development,17,3,Technical Degree,1,233,3.0,Male,51,3,1,Research Scientist,2.0,Married,3058.0,13364,0.0,Y,Yes,16,3.0,4,80,1,6.0,3.0,2.0,5.0,2,1,1
19.0,Yes,Travel_Frequently,602.0,Sales,1,1,Technical Degree,1,235,3.0,Female,100,1,1,Sales Representative,1.0,Single,2325.0,20989,0.0,Y,No,21,4.0,1,80,0,1.0,5.0,4.0,0.0,0,0,0
36.0,No,Travel_Frequently,1480.0,Research & Development,3,2,Medical,1,238,4.0,Male,30,3,1,Laboratory Technician,2.0,Single,2088.0,15062,4.0,Y,No,12,3.0,3,80,0,13.0,3.0,2.0,8.0,7,7,2
30.0,No,Non-Travel,111.0,Research & Development,9,3,Medical,1,239,3.0,Male,66,3,2,Laboratory Technician,1.0,Divorced,3072.0,11012,1.0,Y,No,11,3.0,3,80,2,12.0,4.0,3.0,12.0,9,6,10
45.0,No,Travel_Rarely,1268.0,Sales,4,2,Life Sciences,1,240,3.0,Female,30,3,2,Sales Executive,1.0,Divorced,5006.0,6319,4.0,Y,Yes,11,3.0,1,80,1,9.0,3.0,4.0,5.0,4,0,3
56.0,No,Travel_Rarely,713.0,Research & Development,8,3,Life Sciences,1,241,3.0,Female,67,3,1,Research Scientist,1.0,Divorced,4257.0,13939,4.0,Y,Yes,18,3.0,3,80,1,19.0,3.0,3.0,2.0,2,2,2
33.0,No,Travel_Rarely,134.0,Research & Development,2,3,Life Sciences,1,242,3.0,Male,90,3,1,Research Scientist,4.0,Single,2500.0,10515,0.0,Y,No,14,3.0,1,80,0,4.0,2.0,4.0,3.0,1,0,2
19.0,Yes,Travel_Rarely,303.0,Research & Development,2,3,Life Sciences,1,243,2.0,Male,47,2,1,Laboratory Technician,4.0,Single,1338.72,9241,1.0,Y,No,22,4.0,3,80,0,1.0,3.0,2.0,1.0,0,1,0
46.0,No,Travel_Rarely,526.0,Sales,1,2,Marketing,1,244,2.0,Female,92,3,3,Sales Executive,1.0,Divorced,10453.0,2137,1.0,Y,No,25,4.0,3,80,3,24.0,2.0,3.0,24.0,13,15,7
38.0,No,Travel_Rarely,1380.0,Research & Development,9,2,Life Sciences,1,245,3.0,Female,75,3,1,Laboratory Technician,4.0,Single,2288.0,6319,1.0,Y,No,12,3.0,3,80,0,2.0,3.0,3.0,2.0,2,2,1
31.0,No,Travel_Rarely,140.0,Research & Development,12,1,Medical,1,246,3.0,Female,95,3,1,Research Scientist,4.0,Married,3929.0,6984,8.0,Y,Yes,23,4.0,3,80,1,7.0,0.0,3.0,4.0,2,0,2
34.0,No,Travel_Rarely,629.0,Research & Development,27,2,Medical,1,247,4.0,Female,95,3,1,Research Scientist,2.0,Single,2311.0,5711,2.0,Y,No,15,3.0,4,80,0,9.0,3.0,3.0,3.0,2,1,2
41.0,Yes,Travel_Rarely,1356.0,Sales,20,2,Marketing,1,248,2.0,Female,70,3,1,Sales Representative,2.0,Single,3140.0,21728,1.0,Y,Yes,22,4.0,4,80,0,4.0,5.0,2.0,4.0,3,0,2
50.0,No,Travel_Rarely,328.0,Research & Development,1,3,Medical,1,249,3.0,Male,86,2,1,Laboratory Technician,3.0,Married,3690.0,3425,2.0,Y,No,15,3.0,4,80,1,5.0,2.0,2.0,3.0,2,0,2
53.0,No,Travel_Rarely,1084.0,Research & Development,13,2,Medical,1,250,4.0,Female,57,4,2,Manufacturing Director,1.0,Divorced,4450.0,26250,1.0,Y,No,11,3.0,3,80,2,5.0,3.0,3.0,4.0,2,1,3
33.0,No,Travel_Rarely,931.0,Research & Development,14,3,Medical,1,252,4.0,Female,72,3,1,Research Scientist,2.0,Married,2756.0,4673,1.0,Y,No,13,3.0,4,80,1,8.0,5.0,3.0,8.0,7,1,6
40.0,No,Travel_Rarely,989.0,Research & Development,4,1,Medical,1,253,4.0,Female,46,3,5,Manager,3.0,Married,16536.0,6499,1.0,Y,No,14,3.0,2,80,1,21.0,2.0,3.0,20.0,8,9,9
55.0,No,Travel_Rarely,692.0,Research & Development,14,4,Medical,1,254,3.0,Male,61,4,5,Research Director,2.0,Single,16536.0,13339,8.0,Y,No,11,3.0,4,80,0,28.5,3.0,3.0,24.0,15,2,15
34.0,No,Travel_Frequently,1069.0,Research & Development,2,1,Life Sciences,1,256,4.0,Male,45,2,2,Manufacturing Director,3.0,Married,9547.0,14074,1.0,Y,No,17,3.0,3,80,0,10.0,2.0,2.0,10.0,9,1,9
51.0,No,Travel_Rarely,313.0,Research & Development,3,3,Medical,1,258,4.0,Female,98,3,4,Healthcare Representative,2.0,Single,13734.0,7192,3.0,Y,No,18,3.0,3,80,0,21.0,6.0,3.0,7.0,7,1,0
52.0,No,Travel_Rarely,699.0,Research & Development,1,4,Life Sciences,1,259,3.0,Male,65,2,5,Manager,3.0,Married,16536.0,5678,0.0,Y,No,14,3.0,1,80,1,28.5,5.0,3.0,31.0,18,11,9
27.0,No,Travel_Rarely,894.0,Research & Development,9,3,Medical,1,260,4.0,Female,99,3,1,Research Scientist,2.0,Single,2279.0,11781,1.0,Y,No,16,3.0,4,80,0,7.0,2.0,2.0,7.0,7,0,3
35.0,Yes,Travel_Rarely,556.0,Research & Development,23,2,Life Sciences,1,261,2.0,Male,50,2,2,Manufacturing Director,3.0,Married,5916.0,15497,3.0,Y,Yes,13,3.0,1,80,0,8.0,1.0,3.0,1.0,0,0,1
43.0,No,Non-Travel,1344.0,Research & Development,7,3,Medical,1,262,4.0,Male,37,4,1,Research Scientist,4.0,Divorced,2089.0,5228,4.0,Y,No,14,3.0,4,80,3,7.0,3.0,4.0,5.0,4,2,2
45.0,No,Non-Travel,1195.0,Research & Development,2,2,Medical,1,264,1.0,Male,65,2,4,Manager,4.0,Married,16536.0,20462,9.0,Y,No,23,4.0,4,80,1,22.0,1.0,3.0,20.0,8,11,8
37.0,No,Travel_Rarely,290.0,Research & Development,21,3,Life Sciences,1,267,2.0,Male,65,4,1,Research Scientist,1.0,Married,3564.0,22977,1.0,Y,Yes,12,3.0,1,80,1,8.0,3.0,2.0,8.0,7,1,7
35.0,No,Travel_Frequently,138.0,Research & Development,2,3,Medical,1,269,2.0,Female,37,3,2,Laboratory Technician,2.0,Single,4425.0,15986,5.0,Y,No,11,3.0,4,80,0,10.0,5.0,3.0,6.0,2,1,2
42.0,No,Non-Travel,926.0,Research & Development,21,2,Medical,1,270,3.0,Female,36,3,2,Manufacturing Director,3.0,Divorced,5265.0,16439,2.0,Y,No,16,3.0,2,80,1,11.0,5.0,3.0,5.0,3,0,2
38.0,No,Travel_Rarely,1261.0,Research & Development,2,4,Life Sciences,1,271,4.0,Male,88,3,2,Manufacturing Director,3.0,Married,6553.0,7259,9.0,Y,No,14,3.0,2,80,0,14.0,3.0,3.0,1.0,0,0,0
38.0,No,Travel_Rarely,1084.0,Research & Development,29,3,Technical Degree,1,273,4.0,Male,54,3,2,Manufacturing Director,4.0,Married,6261.0,4185,3.0,Y,No,18,3.0,1,80,1,9.0,3.0,1.0,7.0,7,1,7
27.0,No,Travel_Frequently,472.0,Research & Development,1,1,Technical Degree,1,274,3.0,Male,60,2,2,Manufacturing Director,1.0,Married,4298.0,9679,5.0,Y,No,19,3.0,3,80,1,6.0,1.0,3.0,2.0,2,2,0
49.0,No,Non-Travel,1002.0,Research & Development,18,4,Life Sciences,1,275,4.0,Male,92,3,2,Manufacturing Director,4.0,Divorced,6804.0,23793,1.0,Y,Yes,15,3.0,1,80,2,7.0,0.0,3.0,7.0,7,1,7
34.0,No,Travel_Frequently,878.0,Research & Development,10,4,Medical,1,277,4.0,Male,43,3,1,Research Scientist,3.0,Divorced,3815.0,5972,1.0,Y,Yes,17,3.0,4,80,1,5.0,4.0,4.0,5.0,3,2,0
40.0,No,Travel_Rarely,905.0,Research & Development,19,2,Medical,1,281,3.0,Male,99,3,2,Laboratory Technician,4.0,Married,2741.0,16523,8.0,Y,Yes,15,3.0,3,80,1,15.0,2.0,4.0,7.0,2,3,7
38.0,Yes,Travel_Rarely,1180.0,Research & Development,29,1,Medical,1,282,2.0,Male,70,3,2,Healthcare Representative,1.0,Married,6673.0,11354,7.0,Y,Yes,19,3.0,2,80,0,17.0,2.0,3.0,1.0,0,0,0
29.0,Yes,Travel_Rarely,121.0,Sales,27,3,Marketing,1,283,2.0,Female,35,3,3,Sales Executive,4.0,Married,7639.0,24525,1.0,Y,No,22,4.0,4,80,3,10.0,3.0,2.0,10.0,4,1,9
22.0,No,Travel_Rarely,1136.0,Research & Development,5,3,Life Sciences,1,284,4.0,Male,60,4,1,Research Scientist,2.0,Divorced,2328.0,12392,1.0,Y,Yes,16,3.0,1,80,1,4.0,2.0,2.0,4.0,2,2,2
36.0,No,Travel_Frequently,635.0,Research & Development,18,1,Medical,1,286,2.0,Female,73,3,1,Laboratory Technician,4.0,Single,2153.0,7703,1.0,Y,No,13,3.0,1,80,0,8.0,2.0,3.0,8.0,1,1,7
40.0,No,Non-Travel,1151.0,Research & Development,9,5,Life Sciences,1,287,4.0,Male,63,2,2,Healthcare Representative,4.0,Married,4876.0,14242,9.0,Y,No,14,3.0,4,80,1,5.0,5.0,1.0,3.0,2,0,2
46.0,No,Travel_Rarely,644.0,Research & Development,1,4,Medical,1,288,4.0,Male,97,3,3,Healthcare Representative,1.0,Divorced,9396.0,12368,7.0,Y,No,16,3.0,3,80,1,17.0,3.0,3.0,4.0,2,0,3
32.0,Yes,Travel_Rarely,1045.0,Sales,4,4,Medical,1,291,4.0,Male,32,1,3,Sales Executive,4.0,Married,10400.0,25812,1.0,Y,No,11,3.0,3,80,0,14.0,2.0,2.0,14.0,8,9,8
30.0,No,Non-Travel,829.0,Research & Development,1,1,Life Sciences,1,292,3.0,Male,88,2,3,Manufacturing Director,3.0,Single,8474.0,20925,1.0,Y,No,22,4.0,3,80,0,12.0,2.0,3.0,11.0,8,5,8
27.0,No,Travel_Frequently,1242.0,Sales,20,3,Life Sciences,1,293,4.0,Female,90,3,2,Sales Executive,3.0,Single,9981.0,12916,1.0,Y,No,14,3.0,4,80,0,7.0,2.0,3.0,7.0,7,0,7
51.0,No,Travel_Rarely,1469.0,Research & Development,8,4,Life Sciences,1,296,2.0,Male,81,2,3,Research Director,2.0,Married,12490.0,15736,5.0,Y,No,16,3.0,4,80,2,16.0,5.0,1.0,10.0,9,4,7
30.0,Yes,Travel_Rarely,1005.0,Research & Development,3,3,Technical Degree,1,297,4.0,Female,88,3,1,Research Scientist,1.0,Single,2657.0,8556,5.0,Y,Yes,11,3.0,3,80,0,8.0,5.0,3.0,5.0,2,0,4
41.0,No,Travel_Rarely,896.0,Sales,6,3,Life Sciences,1,298,4.0,Female,75,3,3,Manager,4.0,Single,13591.0,14674,3.0,Y,Yes,18,3.0,3,80,0,16.0,3.0,3.0,1.0,0,0,0
30.0,Yes,Travel_Frequently,334.0,Sales,26,4,Marketing,1,299,3.0,Female,52,2,2,Sales Executive,1.0,Single,6696.0,22967,5.0,Y,No,15,3.0,3,80,0,9.0,5.0,2.0,6.0,3,0,1
29.0,Yes,Travel_Rarely,992.0,Research & Development,1,3,Technical Degree,1,300,3.0,Male,85,3,1,Research Scientist,3.0,Single,2058.0,19757,0.0,Y,No,14,3.0,4,80,0,7.0,1.0,2.0,6.0,2,1,5
45.0,No,Non-Travel,1052.0,Sales,6,3,Medical,1,302,4.0,Female,57,2,3,Sales Executive,4.0,Single,8865.0,16840,6.0,Y,No,12,3.0,4,80,0,23.0,2.0,3.0,19.0,7,12,8
54.0,No,Travel_Rarely,1147.0,Sales,3,3,Marketing,1,303,4.0,Female,52,3,2,Sales Executive,1.0,Married,5940.0,17011,2.0,Y,No,14,3.0,4,80,1,16.0,4.0,3.0,6.0,2,0,5
36.0,No,Travel_Rarely,1396.0,Research & Development,5,2,Life Sciences,1,304,4.0,Male,62,3,2,Laboratory Technician,2.0,Single,5914.0,9945,8.0,Y,No,16,3.0,4,80,0,16.0,3.0,4.0,13.0,11,3,7
33.0,No,Travel_Rarely,147.0,Research & Development,4,4,Medical,1,305,3.0,Female,47,2,1,Research Scientist,2.0,Married,2622.0,13248,6.0,Y,No,21,4.0,4,80,0,7.0,3.0,3.0,3.0,2,1,1
37.0,No,Travel_Frequently,663.0,Research & Development,11,3,Other,1,306,2.0,Male,47,3,3,Research Director,4.0,Divorced,12185.0,10056,1.0,Y,Yes,14,3.0,3,80,3,10.0,1.0,3.0,10.0,8,0,7
38.0,No,Travel_Rarely,119.0,Sales,3,3,Life Sciences,1,307,1.0,Male,76,3,3,Sales Executive,3.0,Divorced,10609.0,9647,0.0,Y,No,12,3.0,3,80,2,17.0,6.0,2.0,16.0,10,5,13
31.0,No,Non-Travel,979.0,Research & Development,1,4,Medical,1,308,3.0,Male,90,1,2,Manufacturing Director,3.0,Married,4345.0,4381,0.0,Y,No,12,3.0,4,80,1,6.0,2.0,3.0,5.0,4,1,4
59.0,No,Travel_Rarely,142.0,Research & Development,3,3,Life Sciences,1,309,3.0,Male,70,2,1,Research Scientist,4.0,Married,2177.0,8456,3.0,Y,No,17,3.0,1,80,1,7.0,6.0,3.0,1.0,0,0,0
37.0,No,Travel_Frequently,319.0,Sales,4,4,Marketing,1,311,1.0,Male,41,3,1,Sales Representative,4.0,Divorced,2793.0,2539,4.0,Y,No,17,3.0,3,80,1,13.0,2.0,3.0,9.0,8,5,8
29.0,No,Travel_Frequently,1413.0,Sales,1,1,Medical,1,312,2.0,Female,42,3,3,Sales Executive,4.0,Married,7918.0,6599,1.0,Y,No,14,3.0,4,80,1,11.0,5.0,3.0,11.0,10,4,1
35.0,No,Travel_Frequently,944.0,Sales,1,3,Marketing,1,314,3.0,Female,92,3,3,Sales Executive,3.0,Single,8789.0,9096,1.0,Y,No,14,3.0,1,80,0,10.0,3.0,4.0,10.0,7,0,8
29.0,Yes,Travel_Rarely,896.0,Research & Development,18,1,Medical,1,315,3.0,Male,86,2,1,Research Scientist,4.0,Single,2389.0,14961,1.0,Y,Yes,13,3.0,3,80,0,4.0,3.0,2.0,4.0,3,0,1
52.0,No,Travel_Rarely,1323.0,Research & Development,2,3,Life Sciences,1,316,3.0,Female,89,2,1,Laboratory Technician,4.0,Single,3212.0,3300,7.0,Y,No,15,3.0,2,80,0,6.0,3.0,2.0,2.0,2,2,2
42.0,No,Travel_Rarely,532.0,Research & Development,4,2,Technical Degree,1,319,3.0,Male,58,3,5,Manager,4.0,Married,16536.0,4933,1.0,Y,No,11,3.0,4,80,0,22.0,3.0,3.0,22.0,17,11,15
59.0,No,Travel_Rarely,818.0,Human Resources,6,2,Medical,1,321,2.0,Male,52,3,1,Human Resources,3.0,Married,2267.0,25657,8.0,Y,No,17,3.0,4,80,0,7.0,2.0,2.0,2.0,2,2,2
50.0,No,Travel_Rarely,854.0,Sales,1,4,Medical,1,323,4.0,Female,68,3,5,Manager,4.0,Divorced,16536.0,24118,3.0,Y,No,11,3.0,3,80,1,28.5,3.0,2.0,7.0,0,0,6
33.0,Yes,Travel_Rarely,813.0,Research & Development,14,3,Medical,1,325,3.0,Male,58,3,1,Laboratory Technician,4.0,Married,2436.0,22149,5.0,Y,Yes,13,3.0,3,80,1,8.0,2.0,1.0,5.0,4,0,4
43.0,No,Travel_Rarely,1034.0,Sales,16,3,Marketing,1,327,4.0,Female,80,3,4,Manager,4.0,Married,16064.0,7744,5.0,Y,Yes,22,4.0,3,80,1,22.0,3.0,3.0,17.0,13,1,9
33.0,Yes,Travel_Rarely,465.0,Research & Development,2,2,Life Sciences,1,328,1.0,Female,39,3,1,Laboratory Technician,1.0,Married,2707.0,21509,7.0,Y,No,20,4.0,1,80,0,13.0,3.0,4.0,9.0,7,1,7
52.0,No,Non-Travel,771.0,Sales,2,4,Life Sciences,1,329,1.0,Male,79,2,5,Manager,3.0,Single,16536.0,21030,1.0,Y,Yes,18,3.0,4,80,0,28.5,2.0,4.0,31.0,7,15,12
32.0,No,Travel_Rarely,1401.0,Sales,4,2,Life Sciences,1,330,3.0,Female,56,3,1,Sales Representative,2.0,Married,3931.0,20990,2.0,Y,No,11,3.0,1,80,1,6.0,5.0,3.0,4.0,3,1,2
32.0,Yes,Travel_Rarely,515.0,Research & Development,1,3,Life Sciences,1,331,4.0,Male,62,2,1,Laboratory Technician,3.0,Single,3730.0,9571,0.0,Y,Yes,14,3.0,4,80,0,4.0,2.0,1.0,3.0,2,1,2
39.0,No,Travel_Rarely,1431.0,Research & Development,1,4,Medical,1,332,3.0,Female,96,3,1,Laboratory Technician,3.0,Divorced,2232.0,15417,7.0,Y,No,14,3.0,3,80,3,7.0,1.0,3.0,3.0,2,1,2
32.0,No,Non-Travel,976.0,Sales,26,4,Marketing,1,333,3.0,Male,100,3,2,Sales Executive,4.0,Married,4465.0,12069,0.0,Y,No,18,3.0,1,80,0,4.0,2.0,3.0,3.0,2,2,2
41.0,No,Travel_Rarely,1411.0,Research & Development,19,2,Life Sciences,1,334,3.0,Male,36,3,2,Research Scientist,1.0,Divorced,3072.0,19877,2.0,Y,No,16,3.0,1,80,2,17.0,2.0,2.0,1.0,0,0,0
40.0,No,Travel_Rarely,1300.0,Research & Development,24,2,Technical Degree,1,335,1.0,Male,62,3,2,Research Scientist,4.0,Divorced,3319.0,24447,1.0,Y,No,17,3.0,1,80,2,9.0,3.0,3.0,9.0,8,4,7
45.0,No,Travel_Rarely,252.0,Research & Development,1,3,Other,1,336,3.0,Male,70,4,5,Manager,4.0,Married,16536.0,15970,0.0,Y,No,11,3.0,3,80,1,25.0,2.0,3.0,24.0,0,1,7
31.0,No,Travel_Frequently,1327.0,Research & Development,3,4,Medical,1,337,2.0,Male,73,3,3,Research Director,3.0,Divorced,13675.0,13523,9.0,Y,No,12,3.0,1,80,1,9.0,3.0,3.0,2.0,2,2,2
33.0,No,Travel_Rarely,832.0,Research & Development,5,4,Life Sciences,1,338,3.0,Female,63,2,1,Research Scientist,4.0,Married,2911.0,14776,1.0,Y,No,13,3.0,3,80,1,2.0,2.0,2.0,2.0,2,0,2
34.0,No,Travel_Rarely,470.0,Research & Development,2,4,Life Sciences,1,339,4.0,Male,84,2,2,Manufacturing Director,1.0,Married,5957.0,23687,6.0,Y,No,13,3.0,2,80,1,13.0,3.0,3.0,11.0,9,5,9
37.0,No,Travel_Rarely,1017.0,Research & Development,1,2,Medical,1,340,3.0,Female,83,2,1,Research Scientist,1.0,Married,3920.0,18697,2.0,Y,No,14,3.0,1,80,1,17.0,2.0,2.0,3.0,1,0,2
45.0,No,Travel_Frequently,1199.0,Research & Development,7,4,Life Sciences,1,341,1.0,Male,77,4,2,Manufacturing Director,3.0,Married,6434.0,5118,4.0,Y,No,17,3.0,4,80,1,9.0,1.0,3.0,3.0,2,0,2
37.0,Yes,Travel_Frequently,504.0,Research & Development,10,3,Medical,1,342,1.0,Male,61,3,3,Manufacturing Director,3.0,Divorced,10048.0,22573,6.0,Y,No,11,3.0,2,80,2,17.0,5.0,3.0,1.0,0,0,0
39.0,No,Travel_Frequently,505.0,Research & Development,2,4,Technical Degree,1,343,3.0,Female,64,3,3,Healthcare Representative,3.0,Single,10938.0,6420,0.0,Y,No,25,4.0,4,80,0,20.0,1.0,3.0,19.0,6,11,8
29.0,No,Travel_Rarely,665.0,Research & Development,15,3,Life Sciences,1,346,3.0,Male,60,3,1,Research Scientist,4.0,Single,2340.0,22673,1.0,Y,No,19,3.0,1,80,0,6.0,1.0,3.0,6.0,5,1,5
42.0,No,Travel_Rarely,916.0,Research & Development,17,2,Life Sciences,1,347,4.0,Female,82,4,2,Research Scientist,1.0,Single,6545.0,23016,3.0,Y,Yes,13,3.0,3,80,0,10.0,1.0,3.0,3.0,2,0,2
29.0,No,Travel_Rarely,1247.0,Sales,20,2,Marketing,1,349,4.0,Male,45,3,2,Sales Executive,4.0,Divorced,6931.0,10732,2.0,Y,No,14,3.0,4,80,1,10.0,2.0,3.0,3.0,2,0,2
25.0,No,Travel_Rarely,685.0,Research & Development,1,3,Life Sciences,1,350,1.0,Female,62,3,2,Manufacturing Director,3.0,Married,4898.0,7505,0.0,Y,No,12,3.0,4,80,2,5.0,3.0,3.0,4.0,2,1,2
42.0,No,Travel_Rarely,269.0,Research & Development,2,3,Medical,1,351,4.0,Female,56,2,1,Laboratory Technician,1.0,Divorced,2593.0,8007,0.0,Y,Yes,11,3.0,3,80,1,10.0,4.0,3.0,9.0,6,7,8
40.0,No,Travel_Rarely,1416.0,Research & Development,2,2,Medical,1,352,1.0,Male,49,3,5,Research Director,3.0,Divorced,16536.0,5949,0.0,Y,No,19,3.0,4,80,1,22.0,5.0,3.0,21.0,7,3,9
51.0,No,Travel_Rarely,833.0,Research & Development,1,3,Life Sciences,1,353,3.0,Male,96,3,1,Research Scientist,4.0,Married,2723.0,23231,1.0,Y,No,11,3.0,2,80,0,1.0,0.0,2.0,1.0,0,0,0
31.0,Yes,Travel_Frequently,307.0,Research & Development,29,2,Medical,1,355,3.0,Male,71,2,1,Laboratory Technician,2.0,Single,3479.0,11652,0.0,Y,No,11,3.0,2,80,0,6.0,2.0,4.0,5.0,4,1,4
32.0,No,Travel_Frequently,1311.0,Research & Development,7,3,Life Sciences,1,359,2.0,Male,100,4,1,Laboratory Technician,2.0,Married,2794.0,26062,1.0,Y,No,20,4.0,3,80,0,5.0,3.0,1.0,5.0,1,0,3
38.0,No,Non-Travel,1327.0,Sales,2,2,Life Sciences,1,361,4.0,Male,39,2,2,Sales Executive,4.0,Married,5249.0,19682,3.0,Y,No,18,3.0,4,80,1,13.0,0.0,3.0,8.0,7,7,5
32.0,No,Travel_Rarely,128.0,Research & Development,2,1,Technical Degree,1,362,4.0,Male,84,2,2,Laboratory Technician,1.0,Single,2176.0,19737,4.0,Y,No,13,3.0,4,80,0,9.0,5.0,3.0,6.0,2,0,4
46.0,No,Travel_Rarely,488.0,Sales,2,3,Technical Degree,1,363,3.0,Female,75,1,4,Manager,2.0,Married,16536.0,14977,3.0,Y,Yes,12,3.0,2,80,1,28.0,2.0,2.0,7.0,7,7,7
28.0,Yes,Travel_Rarely,529.0,Research & Development,2,4,Life Sciences,1,364,1.0,Male,79,3,1,Laboratory Technician,3.0,Single,3485.0,14935,2.0,Y,No,11,3.0,3,80,0,5.0,5.0,1.0,0.0,0,0,0
29.0,No,Travel_Rarely,1210.0,Sales,2,3,Medical,1,366,1.0,Male,78,2,2,Sales Executive,2.0,Married,6644.0,3687,2.0,Y,No,19,3.0,2,80,2,10.0,2.0,3.0,0.0,0,0,0
31.0,No,Travel_Rarely,1463.0,Research & Development,23,3,Medical,1,367,2.0,Male,64,2,2,Healthcare Representative,4.0,Married,5582.0,14408,0.0,Y,No,21,4.0,2,80,1,10.0,2.0,3.0,9.0,0,7,8
25.0,No,Non-Travel,675.0,Research & Development,5,2,Life Sciences,1,369,2.0,Male,85,4,2,Healthcare Representative,1.0,Divorced,4000.0,18384,1.0,Y,No,12,3.0,4,80,2,6.0,2.0,3.0,6.0,3,1,5
45.0,No,Travel_Rarely,1385.0,Research & Development,20,2,Medical,1,372,3.0,Male,79,3,4,Healthcare Representative,4.0,Married,13496.0,7501,0.0,Y,Yes,14,3.0,2,80,0,21.0,2.0,3.0,20.0,7,4,10
36.0,No,Travel_Rarely,1403.0,Research & Development,6,3,Life Sciences,1,373,4.0,Male,47,3,1,Laboratory Technician,4.0,Married,3210.0,20251,0.0,Y,No,11,3.0,3,80,1,16.0,4.0,3.0,15.0,13,10,11
55.0,No,Travel_Rarely,452.0,Research & Development,1,3,Medical,1,374,4.0,Male,81,3,5,Manager,1.0,Single,16536.0,18938,0.0,Y,Yes,14,3.0,3,80,0,28.5,2.0,3.0,31.0,10,4,13
47.0,Yes,Non-Travel,666.0,Research & Development,29,4,Life Sciences,1,376,1.0,Male,88,3,3,Manager,2.0,Married,11849.0,10268,1.0,Y,Yes,12,3.0,4,80,1,10.0,2.0,2.0,10.0,7,9,9
28.0,No,Travel_Rarely,1158.0,Research & Development,9,3,Medical,1,377,4.0,Male,94,3,1,Research Scientist,4.0,Married,2070.0,2613,1.0,Y,No,23,4.0,4,80,1,5.0,3.0,2.0,5.0,2,0,4
37.0,No,Travel_Rarely,228.0,Sales,6,4,Medical,1,378,3.0,Male,98,3,2,Sales Executive,4.0,Married,6502.0,22825,4.0,Y,No,14,3.0,2,80,1,7.0,5.0,4.0,5.0,4,0,1
21.0,No,Travel_Rarely,996.0,Research & Development,3,2,Medical,1,379,4.0,Male,100,2,1,Research Scientist,3.0,Single,3230.0,10531,1.0,Y,No,17,3.0,1,80,0,3.0,4.0,4.0,3.0,2,1,0
37.0,No,Non-Travel,728.0,Research & Development,1,4,Medical,1,380,1.0,Female,80,3,3,Research Director,4.0,Divorced,13603.0,11677,2.0,Y,Yes,18,3.0,1,80,2,15.0,2.0,3.0,5.0,2,0,2
35.0,No,Travel_Rarely,1315.0,Research & Development,22,3,Life Sciences,1,381,2.0,Female,71,4,3,Manager,2.0,Divorced,11996.0,19100,7.0,Y,No,18,3.0,2,80,1,10.0,6.0,2.0,7.0,7,6,2
38.0,No,Travel_Rarely,322.0,Sales,7,2,Medical,1,382,1.0,Female,44,4,2,Sales Executive,1.0,Divorced,5605.0,19191,1.0,Y,Yes,24,4.0,3,80,1,8.0,3.0,3.0,8.0,0,7,7
26.0,No,Travel_Frequently,1479.0,Research & Development,1,3,Life Sciences,1,384,3.0,Female,84,3,2,Manufacturing Director,2.0,Divorced,6397.0,26767,1.0,Y,No,20,4.0,1,80,1,6.0,6.0,1.0,6.0,5,1,4
50.0,No,Travel_Rarely,797.0,Research & Development,4,1,Life Sciences,1,385,1.0,Male,96,3,5,Research Director,2.0,Divorced,16536.0,15815,3.0,Y,No,14,3.0,1,80,2,28.0,4.0,2.0,10.0,4,1,6
53.0,No,Travel_Rarely,1070.0,Research & Development,3,4,Medical,1,386,3.0,Male,45,3,4,Research Director,3.0,Married,16536.0,21016,3.0,Y,Yes,16,3.0,4,80,3,21.0,5.0,2.0,5.0,3,1,3
42.0,No,Travel_Rarely,635.0,Sales,1,1,Life Sciences,1,387,2.0,Male,99,3,2,Sales Executive,3.0,Married,4907.0,24532,1.0,Y,No,25,4.0,3,80,0,20.0,3.0,3.0,20.0,16,11,6
29.0,No,Travel_Frequently,442.0,Sales,2,2,Life Sciences,1,388,2.0,Male,44,3,2,Sales Executive,4.0,Single,4554.0,20260,1.0,Y,No,18,3.0,1,80,0,10.0,3.0,2.0,10.0,7,0,9
55.0,No,Travel_Rarely,147.0,Research & Development,20,2,Technical Degree,1,389,2.0,Male,37,3,2,Laboratory Technician,4.0,Married,5415.0,15972,3.0,Y,Yes,19,3.0,4,80,1,12.0,4.0,3.0,10.0,7,0,8
26.0,No,Travel_Frequently,496.0,Research & Development,11,2,Medical,1,390,1.0,Male,60,3,2,Healthcare Representative,1.0,Married,4741.0,22722,1.0,Y,Yes,13,3.0,3,80,1,5.0,3.0,3.0,5.0,3,3,3
37.0,No,Travel_Rarely,1372.0,Research & Development,1,3,Life Sciences,1,391,4.0,Female,42,3,1,Research Scientist,4.0,Single,2115.0,15881,1.0,Y,No,12,3.0,2,80,0,17.0,3.0,3.0,17.0,12,5,7
44.0,Yes,Travel_Frequently,920.0,Research & Development,24,3,Life Sciences,1,392,4.0,Male,43,3,1,Laboratory Technician,3.0,Divorced,3161.0,19920,3.0,Y,Yes,22,4.0,4,80,1,19.0,0.0,1.0,1.0,0,0,0
38.0,No,Travel_Rarely,688.0,Research & Development,23,4,Life Sciences,1,393,4.0,Male,82,3,2,Healthcare Representative,4.0,Divorced,5745.0,18899,9.0,Y,No,14,3.0,2,80,1,10.0,2.0,3.0,2.0,2,1,2
26.0,Yes,Travel_Rarely,1449.0,Research & Development,16,4,Medical,1,394,1.0,Male,45,3,1,Laboratory Technician,2.0,Divorced,2373.0,14180,2.0,Y,Yes,13,3.0,4,80,1,5.0,2.0,3.0,3.0,2,0,2
28.0,No,Travel_Rarely,1117.0,Research & Development,8,2,Life Sciences,1,395,4.0,Female,66,3,1,Research Scientist,4.0,Single,3310.0,4488,1.0,Y,No,21,4.0,4,80,0,5.0,3.0,3.0,5.0,3,0,2
49.0,No,Travel_Frequently,636.0,Research & Development,10,4,Life Sciences,1,396,3.0,Female,35,3,5,Research Director,1.0,Single,16536.0,25594,9.0,Y,Yes,11,3.0,4,80,0,22.0,4.0,3.0,3.0,2,1,2
36.0,No,Travel_Rarely,506.0,Research & Development,3,3,Technical Degree,1,397,3.0,Male,30,3,2,Research Scientist,2.0,Single,4485.0,26285,4.0,Y,No,12,3.0,4,80,0,10.0,2.0,3.0,8.0,0,7,7
31.0,No,Travel_Frequently,444.0,Sales,5,3,Marketing,1,399,4.0,Female,84,3,1,Sales Representative,2.0,Divorced,2789.0,3909,1.0,Y,No,11,3.0,3,80,1,2.0,5.0,2.0,2.0,2,2,2
26.0,Yes,Travel_Rarely,950.0,Sales,4,4,Marketing,1,401,4.0,Male,48,2,2,Sales Executive,4.0,Single,5828.0,8450,1.0,Y,Yes,12,3.0,2,80,0,8.0,0.0,3.0,8.0,7,7,4
37.0,No,Travel_Frequently,889.0,Research & Development,9,3,Medical,1,403,2.0,Male,53,3,1,Research Scientist,4.0,Married,2326.0,11411,1.0,Y,Yes,12,3.0,3,80,3,4.0,3.0,2.0,4.0,2,1,2
42.0,No,Travel_Frequently,555.0,Sales,26,3,Marketing,1,404,3.0,Female,77,3,4,Sales Executive,2.0,Married,13525.0,14864,5.0,Y,No,14,3.0,4,80,1,23.0,2.0,4.0,20.0,4,4,8
18.0,Yes,Travel_Rarely,230.0,Research & Development,3,3,Life Sciences,1,405,3.0,Male,54,3,1,Laboratory Technician,3.0,Single,1420.0,25233,1.0,Y,No,13,3.0,3,80,0,1.0,2.0,3.0,0.0,0,0,0
35.0,No,Travel_Rarely,1232.0,Sales,16,3,Marketing,1,406,3.0,Male,96,3,3,Sales Executive,2.0,Married,8020.0,5100,0.0,Y,No,15,3.0,3,80,2,12.0,3.0,2.0,11.0,9,6,9
36.0,No,Travel_Frequently,566.0,Research & Development,18,4,Life Sciences,1,407,3.0,Male,81,4,1,Laboratory Technician,4.0,Married,3688.0,7122,4.0,Y,No,18,3.0,4,80,2,4.0,2.0,3.0,1.0,0,0,0
51.0,No,Travel_Rarely,1302.0,Research & Development,2,3,Medical,1,408,4.0,Male,84,1,2,Manufacturing Director,2.0,Divorced,5482.0,16321,5.0,Y,No,18,3.0,4,80,1,13.0,3.0,3.0,4.0,1,1,2
41.0,No,Travel_Rarely,334.0,Sales,2,4,Life Sciences,1,410,4.0,Male,88,3,4,Manager,2.0,Single,16015.0,15896,1.0,Y,No,19,3.0,2,80,0,22.0,2.0,3.0,22.0,10,0,4
18.0,No,Travel_Rarely,812.0,Sales,10,3,Medical,1,411,4.0,Female,69,2,1,Sales Representative,3.0,Single,1338.72,9724,1.0,Y,No,12,3.0,1,80,0,1.0,2.0,3.0,0.0,0,0,0
28.0,No,Travel_Rarely,1476.0,Research & Development,16,2,Medical,1,412,2.0,Male,68,4,2,Healthcare Representative,1.0,Single,5661.0,4824,0.0,Y,No,19,3.0,3,80,0,9.0,2.0,3.0,8.0,3,0,7
31.0,No,Travel_Rarely,218.0,Sales,7,3,Technical Degree,1,416,2.0,Male,100,4,2,Sales Executive,4.0,Married,6929.0,12241,4.0,Y,No,11,3.0,2,80,1,10.0,3.0,2.0,8.0,7,7,7
39.0,No,Travel_Rarely,1132.0,Research & Development,1,3,Medical,1,417,3.0,Male,48,4,3,Healthcare Representative,4.0,Divorced,9613.0,10942,0.0,Y,No,17,3.0,1,80,3,19.0,5.0,2.0,18.0,10,3,7
36.0,No,Non-Travel,1105.0,Research & Development,24,4,Life Sciences,1,419,2.0,Female,47,3,2,Laboratory Technician,2.0,Married,5674.0,6927,7.0,Y,No,15,3.0,3,80,1,11.0,3.0,3.0,9.0,8,0,8
32.0,No,Travel_Rarely,906.0,Sales,7,3,Life Sciences,1,420,4.0,Male,91,2,2,Sales Executive,3.0,Married,5484.0,16985,1.0,Y,No,14,3.0,3,80,1,13.0,3.0,2.0,13.0,8,4,8
38.0,No,Travel_Rarely,849.0,Research & Development,25,2,Life Sciences,1,421,1.0,Female,81,2,3,Research Director,2.0,Married,12061.0,26707,3.0,Y,No,17,3.0,3,80,1,19.0,2.0,3.0,10.0,8,0,1
58.0,No,Non-Travel,390.0,Research & Development,1,4,Life Sciences,1,422,4.0,Male,32,1,2,Healthcare Representative,3.0,Divorced,5660.0,17056,2.0,Y,Yes,13,3.0,4,80,1,12.0,2.0,3.0,5.0,3,1,2
31.0,No,Travel_Rarely,691.0,Research & Development,5,4,Technical Degree,1,423,3.0,Male,86,3,1,Research Scientist,4.0,Married,4821.0,10077,0.0,Y,Yes,12,3.0,3,80,1,6.0,4.0,3.0,5.0,2,0,3
31.0,No,Travel_Rarely,106.0,Human Resources,2,3,Human Resources,1,424,1.0,Male,62,2,2,Human Resources,1.0,Married,6410.0,17822,3.0,Y,No,12,3.0,4,80,0,9.0,1.0,3.0,2.0,2,1,0
45.0,No,Travel_Frequently,1249.0,Research & Development,7,3,Life Sciences,1,425,1.0,Male,97,3,3,Laboratory Technician,1.0,Divorced,5210.0,20308,1.0,Y,No,18,3.0,1,80,1,24.0,2.0,3.0,24.0,9,9,11
31.0,No,Travel_Rarely,192.0,Research & Development,2,4,Life Sciences,1,426,3.0,Male,32,3,1,Research Scientist,4.0,Divorced,2695.0,7747,0.0,Y,Yes,18,3.0,2,80,1,3.0,2.0,1.0,2.0,2,2,2
33.0,No,Travel_Frequently,553.0,Research & Development,5,4,Life Sciences,1,428,4.0,Female,74,3,3,Manager,2.0,Married,11878.0,23364,6.0,Y,No,11,3.0,2,80,2,12.0,2.0,3.0,10.0,6,8,8
39.0,No,Travel_Rarely,117.0,Research & Development,10,1,Medical,1,429,3.0,Male,99,3,4,Manager,1.0,Married,16536.0,5355,1.0,Y,Yes,14,3.0,4,80,0,21.0,3.0,3.0,21.0,9,11,10
43.0,No,Travel_Frequently,185.0,Research & Development,10,4,Life Sciences,1,430,3.0,Female,33,3,1,Laboratory Technician,4.0,Single,2455.0,10675,0.0,Y,No,19,3.0,1,80,0,9.0,5.0,3.0,8.0,7,1,7
49.0,No,Travel_Rarely,1091.0,Research & Development,1,2,Technical Degree,1,431,3.0,Female,90,2,4,Healthcare Representative,3.0,Single,13964.0,17810,7.0,Y,Yes,12,3.0,4,80,0,25.0,2.0,3.0,7.0,1,0,7
52.0,Yes,Travel_Rarely,723.0,Research & Development,8,4,Medical,1,433,3.0,Male,85,2,2,Research Scientist,2.0,Married,4941.0,17747,2.0,Y,No,15,3.0,1,80,0,11.0,3.0,2.0,8.0,2,7,7
27.0,No,Travel_Rarely,1220.0,Research & Development,5,3,Life Sciences,1,434,3.0,Female,85,3,1,Research Scientist,2.0,Single,2478.0,20938,1.0,Y,Yes,12,3.0,2,80,0,4.0,2.0,2.0,4.0,3,1,2
32.0,No,Travel_Rarely,588.0,Sales,8,2,Technical Degree,1,436,3.0,Female,65,2,2,Sales Executive,2.0,Married,5228.0,24624,1.0,Y,Yes,11,3.0,4,80,0,13.0,2.0,3.0,13.0,12,11,9
27.0,No,Travel_Rarely,1377.0,Sales,2,3,Life Sciences,1,437,4.0,Male,74,3,2,Sales Executive,3.0,Single,4478.0,5242,1.0,Y,Yes,11,3.0,1,80,0,5.0,3.0,3.0,5.0,4,0,4
31.0,No,Travel_Rarely,691.0,Sales,7,3,Marketing,1,438,4.0,Male,73,3,2,Sales Executive,4.0,Divorced,7547.0,7143,4.0,Y,No,12,3.0,4,80,3,13.0,3.0,3.0,7.0,7,1,7
32.0,No,Travel_Rarely,1018.0,Research & Development,2,4,Medical,1,439,1.0,Female,74,4,2,Research Scientist,4.0,Single,5055.0,10557,7.0,Y,No,16,3.0,3,80,0,10.0,0.0,2.0,7.0,7,0,7
28.0,Yes,Travel_Rarely,1157.0,Research & Development,2,4,Medical,1,440,1.0,Male,84,1,1,Research Scientist,4.0,Married,3464.0,24737,5.0,Y,Yes,13,3.0,4,80,0,5.0,4.0,2.0,3.0,2,2,2
30.0,No,Travel_Rarely,1275.0,Research & Development,28,2,Medical,1,441,4.0,Female,64,3,2,Research Scientist,4.0,Married,5775.0,11934,1.0,Y,No,13,3.0,4,80,2,11.0,2.0,3.0,10.0,8,1,9
31.0,No,Travel_Frequently,798.0,Research & Development,7,2,Life Sciences,1,442,3.0,Female,48,2,3,Manufacturing Director,3.0,Married,8943.0,14034,1.0,Y,No,24,4.0,1,80,1,10.0,2.0,3.0,10.0,9,8,9
39.0,No,Travel_Frequently,672.0,Research & Development,7,2,Medical,1,444,3.0,Male,54,2,5,Manager,4.0,Married,16536.0,21141,1.0,Y,No,15,3.0,1,80,1,21.0,2.0,3.0,21.0,9,13,3
39.0,Yes,Travel_Rarely,1162.0,Sales,3,2,Medical,1,445,4.0,Female,41,3,2,Sales Executive,3.0,Married,5238.0,17778,4.0,Y,Yes,18,3.0,1,80,0,12.0,3.0,2.0,1.0,0,0,0
33.0,No,Travel_Frequently,508.0,Sales,10,3,Marketing,1,446,2.0,Male,46,2,2,Sales Executive,4.0,Single,4682.0,4317,3.0,Y,No,14,3.0,3,80,0,9.0,6.0,2.0,7.0,7,0,1
47.0,No,Travel_Rarely,1482.0,Research & Development,5,5,Life Sciences,1,447,4.0,Male,42,3,5,Research Director,3.0,Married,16536.0,16375,4.0,Y,No,11,3.0,2,80,1,21.0,2.0,3.0,3.0,2,1,1
43.0,No,Travel_Frequently,559.0,Research & Development,10,4,Life Sciences,1,448,3.0,Female,82,2,2,Laboratory Technician,3.0,Divorced,5257.0,6227,1.0,Y,No,11,3.0,2,80,1,9.0,3.0,4.0,9.0,7,0,0
27.0,No,Non-Travel,210.0,Sales,1,1,Marketing,1,449,3.0,Male,73,3,2,Sales Executive,2.0,Married,6349.0,22107,0.0,Y,Yes,13,3.0,4,80,1,6.0,0.0,3.0,5.0,4,1,4
54.0,No,Travel_Frequently,928.0,Research & Development,20,4,Life Sciences,1,450,4.0,Female,31,3,2,Research Scientist,3.0,Single,4869.0,16885,3.0,Y,No,12,3.0,4,80,0,20.0,4.0,2.0,4.0,3,0,3
43.0,No,Travel_Rarely,1001.0,Research & Development,7,3,Life Sciences,1,451,3.0,Female,43,3,3,Healthcare Representative,1.0,Married,9985.0,9262,8.0,Y,No,16,3.0,1,80,1,10.0,1.0,2.0,1.0,0,0,0
45.0,No,Travel_Rarely,549.0,Research & Development,8,4,Other,1,452,4.0,Male,75,3,2,Research Scientist,4.0,Married,3697.0,9278,9.0,Y,No,14,3.0,1,80,2,12.0,3.0,3.0,10.0,9,9,8
40.0,No,Travel_Rarely,1124.0,Sales,1,2,Medical,1,453,2.0,Male,57,1,2,Sales Executive,4.0,Married,7457.0,13273,2.0,Y,Yes,22,4.0,3,80,3,6.0,2.0,2.0,4.0,3,0,2
29.0,Yes,Travel_Rarely,318.0,Research & Development,8,4,Other,1,454,2.0,Male,77,1,1,Laboratory Technician,1.0,Married,2119.0,4759,1.0,Y,Yes,11,3.0,4,80,0,7.0,4.0,2.0,7.0,7,0,7
29.0,No,Travel_Rarely,738.0,Research & Development,9,5,Other,1,455,2.0,Male,30,2,1,Laboratory Technician,4.0,Single,3983.0,7621,0.0,Y,No,17,3.0,3,80,0,4.0,2.0,3.0,3.0,2,2,2
30.0,No,Travel_Rarely,570.0,Sales,5,3,Marketing,1,456,4.0,Female,30,2,2,Sales Executive,3.0,Divorced,6118.0,5431,1.0,Y,No,13,3.0,3,80,3,10.0,2.0,3.0,10.0,9,1,2
27.0,No,Travel_Rarely,1130.0,Sales,8,4,Marketing,1,458,2.0,Female,56,3,2,Sales Executive,2.0,Married,6214.0,3415,1.0,Y,No,18,3.0,1,80,1,8.0,3.0,3.0,8.0,7,0,7
37.0,No,Travel_Rarely,1192.0,Research & Development,5,2,Medical,1,460,4.0,Male,61,3,2,Manufacturing Director,4.0,Divorced,6347.0,23177,7.0,Y,No,16,3.0,3,80,2,8.0,2.0,2.0,6.0,2,0,4
38.0,No,Travel_Rarely,343.0,Research & Development,15,2,Life Sciences,1,461,3.0,Male,92,2,3,Research Director,4.0,Divorced,11510.0,15682,0.0,Y,Yes,14,3.0,2,80,1,12.0,3.0,3.0,11.0,10,2,9
31.0,No,Travel_Rarely,1232.0,Research & Development,7,4,Medical,1,462,3.0,Female,39,3,3,Manufacturing Director,4.0,Single,7143.0,25713,1.0,Y,Yes,14,3.0,3,80,0,11.0,2.0,2.0,11.0,9,4,10
29.0,No,Travel_Rarely,144.0,Sales,10,1,Marketing,1,463,4.0,Female,39,2,2,Sales Executive,2.0,Divorced,8268.0,11866,1.0,Y,Yes,14,3.0,1,80,2,7.0,2.0,3.0,7.0,7,1,7
35.0,No,Travel_Rarely,1296.0,Research & Development,5,4,Technical Degree,1,464,3.0,Male,62,3,3,Manufacturing Director,2.0,Single,8095.0,18264,0.0,Y,No,13,3.0,4,80,0,17.0,5.0,3.0,16.0,6,0,13
23.0,No,Travel_Rarely,1309.0,Research & Development,26,1,Life Sciences,1,465,3.0,Male,83,3,1,Research Scientist,4.0,Divorced,2904.0,16092,1.0,Y,No,12,3.0,3,80,2,4.0,2.0,2.0,4.0,2,0,2
41.0,No,Travel_Rarely,483.0,Research & Development,6,3,Medical,1,466,4.0,Male,95,2,2,Manufacturing Director,2.0,Single,6032.0,10110,6.0,Y,Yes,15,3.0,4,80,0,8.0,3.0,3.0,5.0,4,1,2
47.0,No,Travel_Frequently,1309.0,Sales,4,1,Medical,1,467,2.0,Male,99,3,2,Sales Representative,3.0,Single,2976.0,25751,3.0,Y,No,19,3.0,1,80,0,5.0,3.0,3.0,0.0,0,0,0
42.0,No,Travel_Rarely,810.0,Research & Development,23,5,Life Sciences,1,468,1.0,Female,44,3,4,Research Director,4.0,Single,15992.0,15901,2.0,Y,No,14,3.0,2,80,0,16.0,2.0,3.0,1.0,0,0,0
29.0,No,Non-Travel,746.0,Sales,2,3,Life Sciences,1,469,4.0,Male,61,3,2,Sales Executive,3.0,Married,4649.0,16928,1.0,Y,No,14,3.0,1,80,1,4.0,3.0,2.0,4.0,3,0,2
42.0,No,Travel_Rarely,544.0,Human Resources,2,1,Technical Degree,1,470,3.0,Male,52,3,1,Human Resources,3.0,Divorced,2696.0,24017,0.0,Y,Yes,11,3.0,3,80,1,4.0,5.0,3.0,3.0,2,1,0
32.0,No,Travel_Rarely,1062.0,Research & Development,2,3,Medical,1,471,3.0,Female,75,3,1,Laboratory Technician,2.0,Married,2370.0,3956,1.0,Y,No,13,3.0,3,80,1,8.0,4.0,3.0,8.0,0,0,7
48.0,No,Travel_Rarely,530.0,Sales,29,1,Medical,1,473,1.0,Female,91,3,3,Manager,3.0,Married,12504.0,23978,3.0,Y,No,21,4.0,2,80,1,15.0,3.0,1.0,0.0,0,0,0
37.0,No,Travel_Rarely,1319.0,Research & Development,6,3,Medical,1,474,3.0,Male,51,4,2,Research Scientist,1.0,Divorced,5974.0,17001,4.0,Y,Yes,13,3.0,1,80,2,13.0,2.0,3.0,7.0,7,6,7
30.0,No,Non-Travel,641.0,Sales,25,2,Technical Degree,1,475,4.0,Female,85,3,2,Sales Executive,3.0,Married,4736.0,6069,7.0,Y,Yes,12,3.0,2,80,1,4.0,2.0,4.0,2.0,2,2,2
26.0,No,Travel_Rarely,933.0,Sales,1,3,Life Sciences,1,476,3.0,Male,57,3,2,Sales Executive,3.0,Married,5296.0,20156,1.0,Y,No,17,3.0,2,80,1,8.0,3.0,3.0,8.0,7,7,7
42.0,No,Travel_Rarely,1332.0,Research & Development,2,4,Other,1,477,1.0,Male,98,2,2,Healthcare Representative,4.0,Single,6781.0,17078,3.0,Y,No,23,4.0,2,80,0,14.0,6.0,3.0,1.0,0,0,0
21.0,Yes,Travel_Frequently,756.0,Sales,1,1,Technical Degree,1,478,1.0,Female,99,2,1,Sales Representative,2.0,Single,2174.0,9150,1.0,Y,Yes,11,3.0,3,80,0,3.0,3.0,3.0,3.0,2,1,2
36.0,No,Non-Travel,845.0,Sales,1,5,Medical,1,479,4.0,Female,45,3,2,Sales Executive,4.0,Single,6653.0,15276,4.0,Y,No,15,3.0,2,80,0,7.0,6.0,3.0,1.0,0,0,0
36.0,No,Travel_Frequently,541.0,Sales,3,4,Medical,1,481,1.0,Male,48,2,3,Sales Executive,4.0,Married,9699.0,7246,4.0,Y,No,11,3.0,1,80,1,16.0,2.0,3.0,13.0,9,1,12
57.0,No,Travel_Rarely,593.0,Research & Development,1,4,Medical,1,482,4.0,Male,88,3,2,Healthcare Representative,3.0,Married,6755.0,2967,2.0,Y,No,11,3.0,3,80,0,15.0,2.0,3.0,3.0,2,1,2
40.0,No,Travel_Rarely,1171.0,Research & Development,10,4,Life Sciences,1,483,4.0,Female,46,4,1,Laboratory Technician,3.0,Married,2213.0,22495,3.0,Y,Yes,13,3.0,3,80,1,10.0,3.0,3.0,7.0,7,1,7
21.0,No,Non-Travel,895.0,Sales,9,2,Medical,1,484,1.0,Male,39,3,1,Sales Representative,4.0,Single,2610.0,2851,1.0,Y,No,24,4.0,3,80,0,3.0,3.0,2.0,3.0,2,2,2
33.0,Yes,Travel_Rarely,350.0,Sales,5,3,Marketing,1,485,4.0,Female,34,3,1,Sales Representative,3.0,Single,2851.0,9150,1.0,Y,Yes,13,3.0,2,80,0,1.0,2.0,3.0,1.0,0,0,0
37.0,No,Travel_Rarely,921.0,Research & Development,10,3,Medical,1,486,3.0,Female,98,3,1,Laboratory Technician,1.0,Married,3452.0,17663,6.0,Y,No,20,4.0,2,80,1,17.0,3.0,3.0,5.0,4,0,3
46.0,No,Non-Travel,1144.0,Research & Development,7,4,Medical,1,487,3.0,Female,30,3,2,Manufacturing Director,3.0,Married,5258.0,16044,2.0,Y,No,14,3.0,3,80,0,7.0,2.0,4.0,1.0,0,0,0
41.0,Yes,Travel_Frequently,143.0,Sales,4,3,Marketing,1,488,1.0,Male,56,3,2,Sales Executive,2.0,Single,9355.0,9558,1.0,Y,No,18,3.0,3,80,0,8.0,5.0,3.0,8.0,7,7,7
50.0,No,Travel_Rarely,1046.0,Research & Development,10,3,Technical Degree,1,491,4.0,Male,100,2,3,Healthcare Representative,4.0,Single,10496.0,2755,6.0,Y,No,15,3.0,4,80,0,20.0,2.0,3.0,4.0,3,1,3
40.0,Yes,Travel_Rarely,575.0,Sales,22,2,Marketing,1,492,3.0,Male,68,2,2,Sales Executive,3.0,Married,6380.0,6110,2.0,Y,Yes,12,3.0,1,80,2,8.0,6.0,3.0,6.0,4,1,0
31.0,No,Travel_Rarely,408.0,Research & Development,9,4,Life Sciences,1,493,3.0,Male,42,2,1,Research Scientist,2.0,Single,2657.0,7551,0.0,Y,Yes,16,3.0,4,80,0,3.0,5.0,3.0,2.0,2,2,2
21.0,Yes,Travel_Rarely,156.0,Sales,12,3,Life Sciences,1,494,3.0,Female,90,4,1,Sales Representative,2.0,Single,2716.0,25422,1.0,Y,No,15,3.0,4,80,0,1.0,0.0,3.0,1.0,0,0,0
29.0,No,Travel_Rarely,1283.0,Research & Development,23,3,Life Sciences,1,495,4.0,Male,54,3,1,Research Scientist,4.0,Single,2201.0,18168,9.0,Y,No,16,3.0,4,80,0,6.0,4.0,3.0,3.0,2,1,2
35.0,No,Travel_Rarely,755.0,Research & Development,9,4,Life Sciences,1,496,3.0,Male,97,2,2,Healthcare Representative,2.0,Single,6540.0,19394,9.0,Y,No,19,3.0,3,80,0,10.0,5.0,3.0,1.0,1,0,0
27.0,No,Travel_Rarely,1469.0,Research & Development,1,2,Medical,1,497,4.0,Male,82,3,1,Laboratory Technician,2.0,Divorced,3816.0,17881,1.0,Y,No,11,3.0,2,80,1,5.0,2.0,3.0,5.0,2,0,4
28.0,No,Travel_Rarely,304.0,Sales,9,4,Life Sciences,1,498,2.0,Male,92,3,2,Sales Executive,4.0,Single,5253.0,20750,1.0,Y,No,16,3.0,4,80,0,7.0,1.0,3.0,7.0,5,0,7
49.0,No,Travel_Rarely,1261.0,Research & Development,7,3,Other,1,499,2.0,Male,31,2,3,Healthcare Representative,3.0,Single,10965.0,12066,8.0,Y,No,24,4.0,3,80,0,26.0,2.0,3.0,5.0,2,0,0
51.0,No,Travel_Rarely,1178.0,Sales,14,2,Life Sciences,1,500,3.0,Female,87,3,2,Sales Executive,4.0,Married,4936.0,14862,4.0,Y,No,11,3.0,3,80,1,18.0,2.0,2.0,7.0,7,0,7
36.0,No,Travel_Rarely,329.0,Research & Development,2,3,Life Sciences,1,501,4.0,Female,96,3,1,Research Scientist,3.0,Married,2543.0,11868,4.0,Y,No,13,3.0,2,80,1,6.0,3.0,3.0,2.0,2,2,2
34.0,Yes,Non-Travel,1362.0,Sales,19,3,Marketing,1,502,1.0,Male,67,4,2,Sales Executive,4.0,Single,5304.0,4652,8.0,Y,Yes,13,3.0,2,80,0,9.0,3.0,2.0,5.0,2,0,4
55.0,No,Travel_Rarely,1311.0,Research & Development,2,3,Life Sciences,1,505,3.0,Female,97,3,4,Manager,4.0,Single,16536.0,23258,2.0,Y,Yes,13,3.0,3,80,0,28.5,2.0,3.0,5.0,4,1,2
24.0,No,Travel_Rarely,1371.0,Sales,10,4,Marketing,1,507,4.0,Female,77,3,2,Sales Executive,3.0,Divorced,4260.0,5915,1.0,Y,Yes,12,3.0,4,80,1,5.0,2.0,4.0,5.0,2,0,3
30.0,No,Travel_Rarely,202.0,Sales,2,1,Technical Degree,1,508,3.0,Male,72,3,1,Sales Representative,2.0,Married,2476.0,17434,1.0,Y,No,18,3.0,1,80,1,1.0,3.0,3.0,1.0,0,0,0
26.0,Yes,Travel_Frequently,575.0,Research & Development,3,1,Technical Degree,1,510,3.0,Male,73,3,1,Research Scientist,1.0,Single,3102.0,6582,0.0,Y,No,22,4.0,3,80,0,7.0,2.0,3.0,6.0,4,0,4
22.0,No,Travel_Rarely,253.0,Research & Development,11,3,Medical,1,511,1.0,Female,43,3,1,Research Scientist,2.0,Married,2244.0,24440,1.0,Y,No,13,3.0,4,80,1,2.0,1.0,3.0,2.0,1,1,2
36.0,No,Travel_Rarely,164.0,Sales,2,2,Medical,1,513,2.0,Male,61,2,3,Sales Executive,3.0,Married,7596.0,3809,1.0,Y,No,13,3.0,2,80,2,10.0,2.0,3.0,10.0,9,9,0
30.0,Yes,Travel_Frequently,464.0,Research & Development,4,3,Technical Degree,1,514,3.0,Male,40,3,1,Research Scientist,4.0,Single,2285.0,3427,9.0,Y,Yes,23,4.0,3,80,0,3.0,4.0,3.0,1.0,0,0,0
37.0,No,Travel_Rarely,1107.0,Research & Development,14,3,Life Sciences,1,515,4.0,Female,95,3,1,Laboratory Technician,1.0,Divorced,3034.0,26914,1.0,Y,No,12,3.0,3,80,1,18.0,2.0,2.0,18.0,7,12,17
40.0,No,Travel_Rarely,759.0,Sales,2,2,Marketing,1,516,4.0,Female,46,3,2,Sales Executive,2.0,Divorced,5715.0,22553,7.0,Y,No,12,3.0,3,80,2,8.0,5.0,3.0,5.0,4,1,3
42.0,No,Travel_Rarely,201.0,Research & Development,1,4,Life Sciences,1,517,2.0,Female,95,3,1,Laboratory Technician,1.0,Divorced,2576.0,20490,3.0,Y,No,16,3.0,2,80,1,8.0,5.0,3.0,5.0,2,1,2
37.0,No,Travel_Rarely,1305.0,Research & Development,10,4,Life Sciences,1,518,3.0,Male,49,3,2,Manufacturing Director,2.0,Single,4197.0,21123,2.0,Y,Yes,12,3.0,4,80,0,18.0,2.0,2.0,1.0,0,0,1
43.0,No,Travel_Rarely,982.0,Research & Development,12,3,Life Sciences,1,520,1.0,Male,59,2,4,Research Director,2.0,Divorced,14336.0,4345,1.0,Y,No,11,3.0,3,80,1,25.0,3.0,3.0,25.0,10,3,9
40.0,No,Travel_Rarely,555.0,Research & Development,2,3,Medical,1,521,2.0,Female,78,2,2,Laboratory Technician,3.0,Married,3448.0,13436,6.0,Y,No,22,4.0,2,80,1,20.0,3.0,3.0,1.0,0,0,0
54.0,No,Travel_Rarely,821.0,Research & Development,5,2,Medical,1,522,1.0,Male,86,3,5,Research Director,1.0,Married,16536.0,8509,4.0,Y,No,11,3.0,3,80,1,24.0,4.0,2.0,4.0,2,1,2
34.0,No,Non-Travel,1381.0,Sales,4,4,Marketing,1,523,3.0,Female,72,3,2,Sales Executive,3.0,Married,6538.0,12740,9.0,Y,No,15,3.0,1,80,1,6.0,3.0,3.0,3.0,2,1,2
31.0,No,Travel_Rarely,480.0,Research & Development,7,2,Medical,1,524,2.0,Female,31,3,2,Manufacturing Director,1.0,Married,4306.0,4156,1.0,Y,No,12,3.0,2,80,1,13.0,5.0,1.0,13.0,10,3,12
43.0,No,Travel_Frequently,313.0,Research & Development,21,3,Medical,1,525,4.0,Male,61,3,1,Laboratory Technician,4.0,Married,2258.0,15238,7.0,Y,No,20,4.0,1,80,1,8.0,1.0,3.0,3.0,2,1,2
43.0,No,Travel_Rarely,1473.0,Research & Development,8,4,Other,1,526,3.0,Female,74,3,2,Healthcare Representative,3.0,Divorced,4522.0,2227,4.0,Y,Yes,14,3.0,4,80,0,8.0,3.0,3.0,5.0,2,0,2
25.0,No,Travel_Rarely,891.0,Sales,4,2,Life Sciences,1,527,2.0,Female,99,2,2,Sales Executive,4.0,Single,4487.0,12090,1.0,Y,Yes,11,3.0,2,80,0,5.0,3.0,3.0,5.0,4,1,3
37.0,No,Non-Travel,1063.0,Research & Development,25,5,Medical,1,529,2.0,Female,72,3,2,Research Scientist,3.0,Married,4449.0,23866,3.0,Y,Yes,15,3.0,1,80,2,15.0,2.0,3.0,13.0,11,10,7
31.0,No,Travel_Rarely,329.0,Research & Development,1,2,Life Sciences,1,530,4.0,Male,98,2,1,Laboratory Technician,1.0,Married,2218.0,16193,1.0,Y,No,12,3.0,3,80,1,4.0,3.0,3.0,4.0,2,3,2
39.0,No,Travel_Frequently,1218.0,Research & Development,1,1,Life Sciences,1,531,2.0,Male,52,3,5,Manager,3.0,Divorced,16536.0,8213,1.0,Y,Yes,14,3.0,3,80,1,21.0,3.0,3.0,21.0,8,1,6
56.0,No,Travel_Frequently,906.0,Sales,6,3,Life Sciences,1,532,3.0,Female,86,4,4,Sales Executive,1.0,Married,13212.0,18256,9.0,Y,No,11,3.0,4,80,3,28.5,0.0,2.0,7.0,7,7,7
30.0,No,Travel_Rarely,1082.0,Sales,12,3,Technical Degree,1,533,2.0,Female,83,3,2,Sales Executive,3.0,Single,6577.0,19558,0.0,Y,No,11,3.0,2,80,0,6.0,6.0,3.0,5.0,4,4,4
41.0,No,Travel_Rarely,645.0,Sales,1,3,Marketing,1,534,2.0,Male,49,4,3,Sales Executive,1.0,Married,8392.0,19566,1.0,Y,No,16,3.0,3,80,1,10.0,2.0,3.0,10.0,7,0,7
28.0,No,Travel_Rarely,1300.0,Research & Development,17,2,Medical,1,536,3.0,Male,79,3,2,Laboratory Technician,1.0,Divorced,4558.0,13535,1.0,Y,No,12,3.0,4,80,1,10.0,2.0,3.0,10.0,0,1,8
25.0,Yes,Travel_Rarely,688.0,Research & Development,3,3,Medical,1,538,1.0,Male,91,3,1,Laboratory Technician,1.0,Married,4031.0,9396,5.0,Y,No,13,3.0,3,80,1,6.0,5.0,3.0,2.0,2,0,2
52.0,No,Travel_Rarely,319.0,Research & Development,3,3,Medical,1,543,4.0,Male,39,2,3,Manufacturing Director,3.0,Married,7969.0,19609,2.0,Y,Yes,14,3.0,3,80,0,28.0,4.0,3.0,5.0,4,0,4
45.0,No,Travel_Rarely,192.0,Research & Development,10,2,Life Sciences,1,544,1.0,Male,69,3,1,Research Scientist,4.0,Married,2654.0,9655,3.0,Y,No,21,4.0,4,80,2,8.0,3.0,2.0,2.0,2,0,2
52.0,No,Travel_Rarely,1490.0,Research & Development,4,2,Life Sciences,1,546,4.0,Female,30,3,4,Manager,4.0,Married,16536.0,10310,2.0,Y,No,13,3.0,4,80,0,28.5,2.0,1.0,5.0,2,1,4
42.0,No,Travel_Frequently,532.0,Research & Development,29,2,Life Sciences,1,547,1.0,Female,92,3,2,Research Scientist,3.0,Divorced,4556.0,12932,2.0,Y,No,11,3.0,2,80,1,19.0,3.0,3.0,5.0,4,0,2
30.0,No,Travel_Rarely,317.0,Research & Development,2,3,Life Sciences,1,548,3.0,Female,43,1,2,Manufacturing Director,4.0,Single,6091.0,24793,2.0,Y,No,20,4.0,3,80,0,11.0,2.0,3.0,5.0,4,0,2
60.0,No,Travel_Rarely,422.0,Research & Development,7,3,Life Sciences,1,549,1.0,Female,41,3,5,Manager,1.0,Married,16536.0,3854,5.0,Y,No,11,3.0,4,80,0,28.5,5.0,1.0,29.0,8,11,10
46.0,No,Travel_Rarely,1485.0,Research & Development,18,3,Medical,1,550,3.0,Female,87,3,2,Manufacturing Director,3.0,Divorced,4810.0,26314,2.0,Y,No,14,3.0,3,80,1,19.0,5.0,2.0,10.0,7,0,8
42.0,No,Travel_Frequently,1368.0,Research & Development,28,4,Technical Degree,1,551,4.0,Female,88,2,2,Healthcare Representative,4.0,Married,4523.0,4386,0.0,Y,No,11,3.0,4,80,3,7.0,4.0,4.0,6.0,5,0,4
24.0,Yes,Travel_Rarely,1448.0,Sales,1,1,Technical Degree,1,554,1.0,Female,62,3,1,Sales Representative,2.0,Single,3202.0,21972,1.0,Y,Yes,16,3.0,2,80,0,6.0,4.0,3.0,5.0,3,1,4
34.0,Yes,Travel_Frequently,296.0,Sales,6,2,Marketing,1,555,4.0,Female,33,1,1,Sales Representative,3.0,Divorced,2351.0,12253,0.0,Y,No,16,3.0,4,80,1,3.0,3.0,2.0,2.0,2,1,0
38.0,No,Travel_Frequently,1490.0,Research & Development,2,2,Life Sciences,1,556,4.0,Male,42,3,1,Laboratory Technician,4.0,Married,1702.0,12106,1.0,Y,Yes,23,4.0,3,80,1,1.0,3.0,3.0,1.0,0,0,0
40.0,No,Travel_Rarely,1398.0,Sales,2,4,Life Sciences,1,558,3.0,Female,79,3,5,Manager,3.0,Married,16536.0,13022,0.0,Y,No,14,3.0,4,80,0,21.0,2.0,3.0,20.0,15,1,12
26.0,No,Travel_Rarely,1349.0,Research & Development,23,3,Life Sciences,1,560,1.0,Female,90,3,1,Research Scientist,4.0,Divorced,2886.0,3032,1.0,Y,No,22,4.0,2,80,2,3.0,3.0,1.0,3.0,2,0,2
30.0,No,Non-Travel,1400.0,Research & Development,3,3,Life Sciences,1,562,3.0,Male,53,3,1,Laboratory Technician,4.0,Married,2097.0,16734,4.0,Y,No,15,3.0,3,80,1,9.0,3.0,1.0,5.0,3,1,4
29.0,No,Travel_Rarely,986.0,Research & Development,3,4,Medical,1,564,2.0,Male,93,2,3,Research Director,3.0,Married,11935.0,21526,1.0,Y,No,18,3.0,3,80,0,10.0,2.0,3.0,10.0,2,0,7
29.0,Yes,Travel_Rarely,408.0,Research & Development,25,5,Technical Degree,1,565,3.0,Female,71,2,1,Research Scientist,2.0,Married,2546.0,18300,5.0,Y,No,16,3.0,2,80,0,6.0,2.0,4.0,2.0,2,1,1
19.0,Yes,Travel_Rarely,489.0,Human Resources,2,2,Technical Degree,1,566,1.0,Male,52,2,1,Human Resources,4.0,Single,2564.0,18437,1.0,Y,No,12,3.0,3,80,0,1.0,3.0,4.0,1.0,0,0,0
30.0,No,Non-Travel,1398.0,Sales,22,4,Other,1,567,3.0,Female,69,3,3,Sales Executive,1.0,Married,8412.0,2890,0.0,Y,No,11,3.0,3,80,0,10.0,3.0,3.0,9.0,8,7,8
57.0,No,Travel_Rarely,210.0,Sales,29,3,Marketing,1,568,1.0,Male,56,2,4,Manager,4.0,Divorced,14118.0,22102,3.0,Y,No,12,3.0,3,80,1,28.5,3.0,2.0,1.0,0,0,0
50.0,No,Travel_Rarely,1099.0,Research & Development,29,4,Life Sciences,1,569,2.0,Male,88,2,4,Manager,3.0,Married,16536.0,9314,0.0,Y,No,15,3.0,2,80,1,28.0,2.0,3.0,27.0,10,15,7
30.0,No,Non-Travel,1116.0,Research & Development,2,3,Medical,1,571,3.0,Female,49,3,1,Laboratory Technician,4.0,Single,2564.0,7181,0.0,Y,No,14,3.0,3,80,0,12.0,2.0,2.0,11.0,7,6,7
60.0,No,Travel_Frequently,1499.0,Sales,28,3,Marketing,1,573,3.0,Female,80,2,3,Sales Executive,1.0,Married,10266.0,2845,4.0,Y,No,19,3.0,4,80,0,22.0,5.0,4.0,18.0,13,13,11
47.0,No,Travel_Rarely,983.0,Research & Development,2,2,Medical,1,574,1.0,Female,65,3,2,Manufacturing Director,4.0,Divorced,5070.0,7389,5.0,Y,No,13,3.0,3,80,3,20.0,2.0,3.0,5.0,0,0,4
46.0,No,Travel_Rarely,1009.0,Research & Development,2,3,Life Sciences,1,575,1.0,Male,51,3,4,Research Director,3.0,Married,16536.0,2288,6.0,Y,No,13,3.0,3,80,0,26.0,2.0,1.0,3.0,2,0,1
35.0,No,Travel_Rarely,144.0,Research & Development,22,3,Life Sciences,1,577,4.0,Male,46,1,1,Laboratory Technician,3.0,Single,4230.0,19225,0.0,Y,No,15,3.0,3,80,0,6.0,2.0,3.0,5.0,4,4,3
54.0,No,Travel_Rarely,548.0,Research & Development,8,4,Life Sciences,1,578,3.0,Female,42,3,2,Laboratory Technician,3.0,Single,3780.0,23428,7.0,Y,No,11,3.0,3,80,0,19.0,3.0,3.0,1.0,0,0,0
34.0,No,Travel_Rarely,1303.0,Research & Development,2,4,Life Sciences,1,579,4.0,Male,62,2,1,Research Scientist,3.0,Divorced,2768.0,8416,3.0,Y,No,12,3.0,3,80,1,14.0,3.0,3.0,7.0,3,5,7
46.0,No,Travel_Rarely,1125.0,Sales,10,3,Marketing,1,580,3.0,Female,94,2,3,Sales Executive,4.0,Married,9071.0,11563,2.0,Y,Yes,19,3.0,3,80,1,15.0,3.0,3.0,3.0,2,1,2
31.0,No,Travel_Rarely,1274.0,Research & Development,9,1,Life Sciences,1,581,3.0,Male,33,3,3,Manufacturing Director,2.0,Divorced,10648.0,14394,1.0,Y,No,25,4.0,4,80,1,13.0,6.0,4.0,13.0,8,0,8
33.0,Yes,Travel_Rarely,1277.0,Research & Development,15,1,Medical,1,582,2.0,Male,56,3,3,Manager,3.0,Married,13610.0,24619,7.0,Y,Yes,12,3.0,4,80,0,15.0,2.0,4.0,7.0,6,7,7
33.0,Yes,Travel_Rarely,587.0,Research & Development,10,1,Medical,1,584,1.0,Male,38,1,1,Laboratory Technician,4.0,Divorced,3408.0,6705,7.0,Y,No,13,3.0,1,80,3,8.0,2.0,3.0,4.0,3,1,3
30.0,No,Travel_Rarely,413.0,Sales,7,1,Marketing,1,585,4.0,Male,57,3,1,Sales Representative,2.0,Single,2983.0,18398,0.0,Y,No,14,3.0,1,80,0,4.0,3.0,3.0,3.0,2,1,2
35.0,No,Travel_Rarely,1276.0,Research & Development,16,3,Life Sciences,1,586,4.0,Male,72,3,3,Healthcare Representative,3.0,Married,7632.0,14295,4.0,Y,Yes,12,3.0,3,80,0,10.0,2.0,3.0,8.0,7,0,0
31.0,Yes,Travel_Frequently,534.0,Research & Development,20,3,Life Sciences,1,587,1.0,Male,66,3,3,Healthcare Representative,3.0,Married,9824.0,22908,3.0,Y,No,12,3.0,1,80,0,12.0,2.0,3.0,1.0,0,0,0
34.0,Yes,Travel_Frequently,988.0,Human Resources,23,3,Human Resources,1,590,2.0,Female,43,3,3,Human Resources,1.0,Divorced,9950.0,11533,9.0,Y,Yes,15,3.0,3,80,3,11.0,2.0,3.0,3.0,2,0,2
42.0,No,Travel_Frequently,1474.0,Research & Development,5,2,Other,1,591,2.0,Male,97,3,1,Laboratory Technician,3.0,Married,2093.0,9260,4.0,Y,No,17,3.0,4,80,1,8.0,4.0,3.0,2.0,2,2,0
36.0,No,Non-Travel,635.0,Sales,10,4,Medical,1,592,2.0,Male,32,3,3,Sales Executive,4.0,Single,9980.0,15318,1.0,Y,No,14,3.0,4,80,0,10.0,3.0,2.0,10.0,3,9,7
22.0,Yes,Travel_Frequently,1368.0,Research & Development,4,1,Technical Degree,1,593,3.0,Male,99,2,1,Laboratory Technician,3.0,Single,3894.0,9129,5.0,Y,No,16,3.0,3,80,0,4.0,3.0,3.0,2.0,2,1,2
48.0,No,Travel_Rarely,163.0,Sales,2,5,Marketing,1,595,2.0,Female,37,3,2,Sales Executive,4.0,Married,4051.0,19658,2.0,Y,No,14,3.0,1,80,1,14.0,2.0,3.0,9.0,7,6,7
55.0,No,Travel_Rarely,1117.0,Sales,18,5,Life Sciences,1,597,1.0,Female,83,3,4,Manager,2.0,Single,16536.0,9873,3.0,Y,No,23,4.0,4,80,0,28.5,2.0,3.0,10.0,9,7,7
41.0,No,Non-Travel,267.0,Sales,10,2,Life Sciences,1,599,4.0,Male,56,3,2,Sales Executive,4.0,Single,6230.0,13430,7.0,Y,No,14,3.0,4,80,0,16.0,3.0,3.0,14.0,3,1,10
35.0,No,Travel_Rarely,619.0,Sales,1,3,Marketing,1,600,2.0,Male,85,3,2,Sales Executive,3.0,Married,4717.0,18659,9.0,Y,No,11,3.0,3,80,0,15.0,2.0,3.0,11.0,9,6,9
40.0,No,Travel_Rarely,302.0,Research & Development,6,3,Life Sciences,1,601,2.0,Female,75,3,4,Manufacturing Director,3.0,Single,13237.0,20364,7.0,Y,No,15,3.0,3,80,0,22.0,3.0,3.0,20.0,6,5,13
39.0,No,Travel_Frequently,443.0,Research & Development,8,1,Life Sciences,1,602,3.0,Female,48,3,1,Laboratory Technician,3.0,Married,3755.0,17872,1.0,Y,No,11,3.0,1,80,1,8.0,3.0,3.0,8.0,3,0,7
31.0,No,Travel_Rarely,828.0,Sales,2,1,Life Sciences,1,604,2.0,Male,77,3,2,Sales Executive,4.0,Single,6582.0,8346,4.0,Y,Yes,13,3.0,3,80,0,10.0,2.0,4.0,6.0,5,0,5
42.0,No,Travel_Rarely,319.0,Research & Development,24,3,Medical,1,605,4.0,Male,56,3,3,Manufacturing Director,1.0,Married,7406.0,6950,1.0,Y,Yes,21,4.0,4,80,1,10.0,5.0,2.0,10.0,9,5,8
45.0,No,Travel_Rarely,561.0,Sales,2,3,Other,1,606,4.0,Male,61,3,2,Sales Executive,2.0,Married,4805.0,16177,0.0,Y,No,19,3.0,2,80,1,9.0,3.0,4.0,8.0,7,3,7
26.0,Yes,Travel_Frequently,426.0,Human Resources,17,4,Life Sciences,1,608,2.0,Female,58,3,1,Human Resources,3.0,Divorced,2741.0,22808,0.0,Y,Yes,11,3.0,2,80,1,8.0,2.0,2.0,7.0,7,1,0
29.0,No,Travel_Rarely,232.0,Research & Development,19,3,Technical Degree,1,611,4.0,Male,34,3,2,Manufacturing Director,4.0,Divorced,4262.0,22645,4.0,Y,No,12,3.0,2,80,2,8.0,2.0,4.0,3.0,2,1,2
33.0,No,Travel_Rarely,922.0,Research & Development,1,5,Medical,1,612,1.0,Female,95,4,4,Research Director,3.0,Divorced,16184.0,22578,4.0,Y,No,19,3.0,3,80,1,10.0,2.0,3.0,6.0,1,0,5
31.0,No,Travel_Rarely,688.0,Sales,7,3,Life Sciences,1,613,3.0,Male,44,2,3,Manager,4.0,Divorced,11557.0,25291,9.0,Y,No,21,4.0,3,80,1,10.0,3.0,2.0,5.0,4,0,1
18.0,Yes,Travel_Frequently,1306.0,Sales,5,3,Marketing,1,614,2.0,Male,69,3,1,Sales Representative,2.0,Single,1878.0,8059,1.0,Y,Yes,14,3.0,4,80,0,1.0,3.0,3.0,0.0,0,0,0
40.0,No,Non-Travel,1094.0,Sales,28,3,Other,1,615,3.0,Male,58,1,3,Sales Executive,1.0,Divorced,10932.0,11373,3.0,Y,No,15,3.0,3,80,1,20.0,2.0,3.0,1.0,0,0,1
41.0,No,Non-Travel,509.0,Research & Development,2,4,Other,1,616,1.0,Female,62,2,2,Healthcare Representative,3.0,Single,6811.0,2112,2.0,Y,Yes,17,3.0,1,80,0,10.0,3.0,3.0,8.0,7,0,7
26.0,No,Travel_Rarely,775.0,Sales,29,2,Medical,1,618,1.0,Male,45,3,2,Sales Executive,3.0,Divorced,4306.0,4267,5.0,Y,No,12,3.0,1,80,2,8.0,5.0,3.0,0.0,0,0,0
35.0,No,Travel_Rarely,195.0,Sales,1,3,Medical,1,620,1.0,Female,80,3,2,Sales Executive,3.0,Single,4859.0,6698,1.0,Y,No,16,3.0,4,80,0,5.0,3.0,3.0,5.0,4,0,3
34.0,No,Travel_Rarely,258.0,Sales,21,4,Life Sciences,1,621,4.0,Male,74,4,2,Sales Executive,4.0,Single,5337.0,19921,1.0,Y,No,12,3.0,4,80,0,10.0,3.0,3.0,10.0,7,5,7
26.0,Yes,Travel_Rarely,471.0,Research & Development,24,3,Technical Degree,1,622,3.0,Male,66,1,1,Laboratory Technician,4.0,Single,2340.0,23213,1.0,Y,Yes,18,3.0,2,80,0,1.0,3.0,1.0,1.0,0,0,0
37.0,No,Travel_Rarely,799.0,Research & Development,1,3,Technical Degree,1,623,2.0,Female,59,3,3,Manufacturing Director,4.0,Single,7491.0,23848,4.0,Y,No,17,3.0,4,80,0,12.0,3.0,4.0,6.0,5,1,2
46.0,No,Travel_Frequently,1034.0,Research & Development,18,1,Medical,1,624,1.0,Female,86,3,3,Healthcare Representative,3.0,Married,10527.0,8984,5.0,Y,No,11,3.0,4,80,0,28.0,3.0,2.0,2.0,2,1,2
41.0,No,Travel_Rarely,1276.0,Sales,2,5,Life Sciences,1,625,2.0,Female,91,3,4,Manager,1.0,Married,16536.0,5626,7.0,Y,No,16,3.0,2,80,1,22.0,2.0,3.0,18.0,16,11,8
37.0,No,Non-Travel,142.0,Sales,9,4,Medical,1,626,1.0,Male,69,3,3,Sales Executive,2.0,Divorced,8834.0,24666,1.0,Y,No,13,3.0,4,80,1,9.0,6.0,3.0,9.0,5,7,7
52.0,No,Travel_Rarely,956.0,Research & Development,6,2,Technical Degree,1,630,4.0,Male,78,3,2,Research Scientist,1.0,Divorced,5577.0,22087,3.0,Y,Yes,12,3.0,2,80,2,18.0,3.0,3.0,10.0,9,6,9
32.0,Yes,Non-Travel,1474.0,Sales,11,4,Other,1,631,4.0,Male,60,4,2,Sales Executive,3.0,Married,4707.0,23914,8.0,Y,No,12,3.0,4,80,0,6.0,2.0,3.0,4.0,2,1,2
24.0,No,Travel_Frequently,535.0,Sales,24,3,Medical,1,632,4.0,Male,38,3,1,Sales Representative,4.0,Married,2400.0,5530,0.0,Y,No,13,3.0,3,80,2,3.0,3.0,3.0,2.0,2,2,1
38.0,No,Travel_Rarely,1495.0,Research & Development,10,3,Medical,1,634,3.0,Female,76,3,2,Healthcare Representative,3.0,Married,9824.0,22174,3.0,Y,No,19,3.0,3,80,1,18.0,4.0,3.0,1.0,0,0,0
37.0,No,Travel_Rarely,446.0,Research & Development,1,4,Life Sciences,1,635,2.0,Female,65,3,2,Manufacturing Director,2.0,Married,6447.0,15701,6.0,Y,No,12,3.0,2,80,1,8.0,2.0,2.0,6.0,5,4,3
49.0,No,Travel_Rarely,1245.0,Research & Development,18,4,Life Sciences,1,638,4.0,Male,58,2,5,Research Director,3.0,Divorced,16536.0,2125,1.0,Y,Yes,17,3.0,3,80,1,28.5,5.0,3.0,31.0,9,0,9
24.0,No,Travel_Rarely,691.0,Research & Development,23,3,Medical,1,639,2.0,Male,89,4,1,Research Scientist,4.0,Married,2725.0,21630,1.0,Y,Yes,11,3.0,2,80,2,6.0,3.0,3.0,6.0,5,1,4
26.0,No,Travel_Rarely,703.0,Sales,28,2,Marketing,1,641,1.0,Male,66,3,2,Sales Executive,2.0,Married,6272.0,7428,1.0,Y,No,20,4.0,4,80,2,6.0,5.0,4.0,5.0,3,1,4
24.0,No,Travel_Rarely,823.0,Research & Development,17,2,Other,1,643,4.0,Male,94,2,1,Laboratory Technician,2.0,Married,2127.0,9100,1.0,Y,No,21,4.0,4,80,1,1.0,2.0,3.0,1.0,0,0,0
50.0,No,Travel_Frequently,1246.0,Human Resources,3,3,Medical,1,644,1.0,Male,99,3,5,Manager,2.0,Married,16536.0,7999,1.0,Y,No,11,3.0,3,80,1,28.5,2.0,3.0,31.0,5,10,7
25.0,No,Travel_Rarely,622.0,Sales,13,1,Medical,1,645,2.0,Male,40,3,1,Sales Representative,3.0,Married,2096.0,26376,1.0,Y,No,11,3.0,3,80,0,7.0,1.0,3.0,7.0,4,0,6
24.0,Yes,Travel_Frequently,1287.0,Research & Development,7,3,Life Sciences,1,647,1.0,Female,55,3,1,Laboratory Technician,3.0,Married,2886.0,14168,1.0,Y,Yes,16,3.0,4,80,1,6.0,4.0,3.0,6.0,3,1,2
30.0,Yes,Travel_Frequently,448.0,Sales,12,4,Life Sciences,1,648,2.0,Male,74,2,1,Sales Representative,1.0,Married,2033.0,14470,1.0,Y,No,18,3.0,3,80,1,1.0,2.0,4.0,1.0,0,0,0
34.0,No,Travel_Rarely,254.0,Research & Development,1,2,Life Sciences,1,649,2.0,Male,83,2,1,Research Scientist,4.0,Married,3622.0,22794,1.0,Y,Yes,13,3.0,4,80,1,6.0,3.0,3.0,6.0,5,1,3
31.0,Yes,Travel_Rarely,1365.0,Sales,13,4,Medical,1,650,2.0,Male,46,3,2,Sales Executive,1.0,Divorced,4233.0,11512,2.0,Y,No,17,3.0,3,80,0,9.0,2.0,1.0,3.0,1,1,2
35.0,No,Travel_Rarely,538.0,Research & Development,25,2,Other,1,652,1.0,Male,54,2,2,Laboratory Technician,4.0,Single,3681.0,14004,4.0,Y,No,14,3.0,4,80,0,9.0,3.0,3.0,3.0,2,0,2
31.0,No,Travel_Rarely,525.0,Sales,6,4,Medical,1,653,1.0,Male,66,4,2,Sales Executive,4.0,Divorced,5460.0,6219,4.0,Y,No,22,4.0,4,80,2,13.0,4.0,4.0,7.0,7,5,7
27.0,No,Travel_Rarely,798.0,Research & Development,6,4,Medical,1,655,1.0,Female,66,2,1,Research Scientist,3.0,Divorced,2187.0,5013,0.0,Y,No,12,3.0,3,80,2,6.0,5.0,2.0,5.0,3,0,3
37.0,No,Travel_Rarely,558.0,Sales,2,3,Marketing,1,656,4.0,Male,75,3,2,Sales Executive,3.0,Married,9602.0,3010,4.0,Y,Yes,11,3.0,3,80,1,17.0,3.0,2.0,3.0,0,1,0
20.0,No,Travel_Rarely,959.0,Research & Development,1,3,Life Sciences,1,657,4.0,Female,83,2,1,Research Scientist,2.0,Single,2836.0,11757,1.0,Y,No,13,3.0,4,80,0,1.0,0.0,4.0,1.0,0,0,0
42.0,No,Travel_Rarely,622.0,Research & Development,2,4,Life Sciences,1,659,3.0,Female,81,3,2,Healthcare Representative,4.0,Married,4089.0,5718,1.0,Y,No,13,3.0,2,80,2,10.0,4.0,3.0,10.0,2,2,2
43.0,No,Travel_Rarely,782.0,Research & Development,6,4,Other,1,661,2.0,Male,50,2,4,Research Director,4.0,Divorced,16536.0,2671,4.0,Y,Yes,14,3.0,3,80,1,21.0,3.0,2.0,1.0,0,0,0
38.0,No,Travel_Rarely,362.0,Research & Development,1,1,Life Sciences,1,662,3.0,Female,43,3,1,Research Scientist,1.0,Single,2619.0,14561,3.0,Y,No,17,3.0,4,80,0,8.0,3.0,2.0,0.0,0,0,0
43.0,No,Travel_Frequently,1001.0,Research & Development,9,5,Medical,1,663,4.0,Male,72,3,2,Laboratory Technician,3.0,Divorced,5679.0,19627,3.0,Y,Yes,13,3.0,2,80,1,10.0,3.0,3.0,8.0,7,4,7
48.0,No,Travel_Rarely,1236.0,Research & Development,1,4,Life Sciences,1,664,4.0,Female,40,2,4,Manager,1.0,Married,15402.0,17997,7.0,Y,No,11,3.0,1,80,1,21.0,3.0,1.0,3.0,2,0,2
44.0,No,Travel_Rarely,1112.0,Human Resources,1,4,Life Sciences,1,665,1.0,Female,50,2,2,Human Resources,3.0,Single,5985.0,26894,4.0,Y,No,11,3.0,2,80,0,10.0,1.0,4.0,2.0,2,0,2
34.0,No,Travel_Rarely,204.0,Sales,14,3,Technical Degree,1,666,3.0,Female,31,3,1,Sales Representative,3.0,Divorced,2579.0,2912,1.0,Y,Yes,18,3.0,4,80,2,8.0,3.0,3.0,8.0,2,0,6
27.0,Yes,Travel_Rarely,1420.0,Sales,2,1,Marketing,1,667,3.0,Male,85,3,1,Sales Representative,1.0,Divorced,3041.0,16346,0.0,Y,No,11,3.0,2,80,1,5.0,3.0,3.0,4.0,3,0,2
21.0,No,Travel_Rarely,1343.0,Sales,22,1,Technical Degree,1,669,3.0,Male,49,3,1,Sales Representative,3.0,Single,3447.0,24444,1.0,Y,No,11,3.0,3,80,0,3.0,2.0,3.0,3.0,2,1,2
44.0,No,Travel_Rarely,1315.0,Research & Development,3,4,Other,1,671,4.0,Male,35,3,5,Manager,4.0,Married,16536.0,9358,4.0,Y,Yes,12,3.0,1,80,1,26.0,2.0,4.0,2.0,2,0,1
22.0,No,Travel_Rarely,604.0,Research & Development,6,1,Medical,1,675,1.0,Male,69,3,1,Research Scientist,3.0,Married,2773.0,12145,0.0,Y,No,20,4.0,4,80,0,3.0,3.0,3.0,2.0,2,2,2
33.0,No,Travel_Rarely,1216.0,Sales,8,4,Marketing,1,677,3.0,Male,39,3,2,Sales Executive,3.0,Divorced,7104.0,20431,0.0,Y,No,12,3.0,4,80,0,6.0,3.0,3.0,5.0,0,1,2
32.0,No,Travel_Rarely,646.0,Research & Development,9,4,Life Sciences,1,679,1.0,Female,92,3,2,Research Scientist,4.0,Married,6322.0,18089,1.0,Y,Yes,12,3.0,4,80,1,6.0,2.0,2.0,6.0,4,0,5
30.0,No,Travel_Frequently,160.0,Research & Development,3,3,Medical,1,680,3.0,Female,71,3,1,Research Scientist,3.0,Divorced,2083.0,22653,1.0,Y,No,20,4.0,3,80,1,1.0,2.0,3.0,1.0,0,0,0
53.0,No,Travel_Rarely,238.0,Sales,1,1,Medical,1,682,4.0,Female,34,3,2,Sales Executive,1.0,Single,8381.0,7507,7.0,Y,No,20,4.0,4,80,0,18.0,2.0,4.0,14.0,7,8,10
34.0,No,Travel_Rarely,1397.0,Research & Development,1,5,Life Sciences,1,683,2.0,Male,42,3,1,Research Scientist,4.0,Married,2691.0,7660,1.0,Y,No,12,3.0,4,80,1,10.0,4.0,2.0,10.0,9,8,8
45.0,Yes,Travel_Frequently,306.0,Sales,26,4,Life Sciences,1,684,1.0,Female,100,3,2,Sales Executive,1.0,Married,4286.0,5630,2.0,Y,No,14,3.0,4,80,2,5.0,4.0,3.0,1.0,1,0,0
26.0,No,Travel_Rarely,991.0,Research & Development,6,3,Life Sciences,1,686,3.0,Female,71,3,1,Laboratory Technician,4.0,Married,2659.0,17759,1.0,Y,Yes,13,3.0,3,80,1,3.0,2.0,3.0,3.0,2,0,2
37.0,No,Travel_Rarely,482.0,Research & Development,3,3,Other,1,689,3.0,Male,36,3,3,Manufacturing Director,3.0,Married,9434.0,9606,1.0,Y,No,15,3.0,3,80,1,10.0,2.0,3.0,10.0,7,7,8
29.0,No,Travel_Rarely,1176.0,Sales,3,2,Medical,1,690,2.0,Female,62,3,2,Sales Executive,3.0,Married,5561.0,3487,1.0,Y,No,14,3.0,1,80,1,6.0,5.0,2.0,6.0,0,1,2
35.0,No,Travel_Rarely,1017.0,Research & Development,6,4,Life Sciences,1,691,2.0,Male,82,1,2,Research Scientist,4.0,Single,6646.0,19368,1.0,Y,No,13,3.0,2,80,0,17.0,3.0,3.0,17.0,11,11,8
33.0,No,Travel_Frequently,1296.0,Research & Development,6,3,Life Sciences,1,692,3.0,Male,30,3,2,Healthcare Representative,4.0,Divorced,7725.0,5335,3.0,Y,No,23,4.0,3,80,1,15.0,2.0,1.0,13.0,11,4,7
54.0,No,Travel_Rarely,397.0,Human Resources,19,4,Medical,1,698,3.0,Male,88,3,3,Human Resources,2.0,Married,10725.0,6729,2.0,Y,No,15,3.0,3,80,1,16.0,1.0,4.0,9.0,7,7,1
36.0,No,Travel_Rarely,913.0,Research & Development,9,2,Medical,1,699,2.0,Male,48,2,2,Manufacturing Director,2.0,Divorced,8847.0,13934,2.0,Y,Yes,11,3.0,3,80,1,13.0,2.0,3.0,3.0,2,0,2
27.0,No,Travel_Rarely,1115.0,Research & Development,3,4,Medical,1,700,1.0,Male,54,2,1,Research Scientist,4.0,Single,2045.0,15174,0.0,Y,No,13,3.0,4,80,0,5.0,0.0,3.0,4.0,2,1,1
20.0,Yes,Travel_Rarely,1362.0,Research & Development,10,1,Medical,1,701,4.0,Male,32,3,1,Research Scientist,3.0,Single,1338.72,26999,1.0,Y,Yes,11,3.0,4,80,0,1.0,5.0,3.0,1.0,0,1,1
33.0,Yes,Travel_Frequently,1076.0,Research & Development,3,3,Life Sciences,1,702,1.0,Male,70,3,1,Research Scientist,1.0,Single,3348.0,3164,1.0,Y,Yes,11,3.0,1,80,0,10.0,3.0,3.0,10.0,8,9,7
35.0,No,Non-Travel,727.0,Research & Development,3,3,Life Sciences,1,704,3.0,Male,41,2,1,Laboratory Technician,3.0,Married,1338.72,16900,1.0,Y,No,18,3.0,3,80,2,1.0,3.0,3.0,1.0,0,0,0
23.0,No,Travel_Rarely,885.0,Research & Development,4,3,Medical,1,705,1.0,Male,58,4,1,Research Scientist,1.0,Married,2819.0,8544,2.0,Y,No,16,3.0,1,80,1,5.0,3.0,4.0,3.0,2,0,2
25.0,No,Travel_Rarely,810.0,Sales,8,3,Life Sciences,1,707,4.0,Male,57,4,2,Sales Executive,2.0,Married,4851.0,15678,0.0,Y,No,22,4.0,3,80,1,4.0,4.0,3.0,3.0,2,1,2
38.0,No,Travel_Rarely,243.0,Sales,7,4,Marketing,1,709,4.0,Female,46,2,2,Sales Executive,4.0,Single,4028.0,7791,0.0,Y,No,20,4.0,1,80,0,8.0,2.0,3.0,7.0,7,0,5
29.0,No,Travel_Frequently,806.0,Research & Development,1,4,Life Sciences,1,710,2.0,Male,76,1,1,Research Scientist,4.0,Divorced,2720.0,18959,1.0,Y,No,18,3.0,4,80,1,10.0,5.0,3.0,10.0,7,2,8
48.0,No,Travel_Rarely,817.0,Sales,2,1,Marketing,1,712,2.0,Male,56,4,2,Sales Executive,2.0,Married,8120.0,18597,3.0,Y,No,12,3.0,4,80,0,12.0,3.0,3.0,2.0,2,2,2
27.0,No,Travel_Frequently,1410.0,Sales,3,1,Medical,1,714,4.0,Female,71,4,2,Sales Executive,4.0,Divorced,4647.0,16673,1.0,Y,Yes,20,4.0,2,80,2,6.0,3.0,3.0,6.0,5,0,4
37.0,No,Travel_Rarely,1225.0,Research & Development,10,2,Life Sciences,1,715,4.0,Male,80,4,1,Research Scientist,4.0,Single,4680.0,15232,3.0,Y,No,17,3.0,1,80,0,4.0,2.0,3.0,1.0,0,0,0
50.0,No,Travel_Rarely,1207.0,Research & Development,28,1,Medical,1,716,4.0,Male,74,4,1,Laboratory Technician,3.0,Married,3221.0,3297,1.0,Y,Yes,11,3.0,3,80,3,20.0,3.0,3.0,20.0,8,3,8
34.0,No,Travel_Rarely,1442.0,Research & Development,9,3,Medical,1,717,4.0,Female,46,2,3,Healthcare Representative,2.0,Single,8621.0,17654,1.0,Y,No,14,3.0,2,80,0,9.0,3.0,4.0,8.0,7,7,7
24.0,Yes,Travel_Rarely,693.0,Sales,3,2,Life Sciences,1,720,1.0,Female,65,3,2,Sales Executive,3.0,Single,4577.0,24785,9.0,Y,No,14,3.0,1,80,0,4.0,3.0,3.0,2.0,2,2,0
39.0,No,Travel_Rarely,408.0,Research & Development,2,4,Technical Degree,1,721,4.0,Female,80,2,2,Healthcare Representative,3.0,Single,4553.0,20978,1.0,Y,No,11,3.0,1,80,0,20.0,4.0,3.0,20.0,7,11,10
32.0,No,Travel_Rarely,929.0,Sales,10,3,Marketing,1,722,4.0,Male,55,3,2,Sales Executive,4.0,Single,5396.0,21703,1.0,Y,No,12,3.0,4,80,0,10.0,2.0,2.0,10.0,7,0,8
50.0,Yes,Travel_Frequently,562.0,Sales,8,2,Technical Degree,1,723,2.0,Male,50,3,2,Sales Executive,3.0,Married,6796.0,23452,3.0,Y,Yes,14,3.0,1,80,1,18.0,4.0,3.0,4.0,3,1,3
38.0,No,Travel_Rarely,827.0,Research & Development,1,4,Life Sciences,1,724,2.0,Female,33,4,2,Healthcare Representative,4.0,Single,7625.0,19383,0.0,Y,No,13,3.0,3,80,0,10.0,4.0,2.0,9.0,7,1,8
27.0,No,Travel_Rarely,608.0,Research & Development,1,2,Life Sciences,1,725,3.0,Female,68,3,3,Manufacturing Director,1.0,Married,7412.0,6009,1.0,Y,No,11,3.0,4,80,0,9.0,3.0,3.0,9.0,7,0,7
32.0,No,Travel_Rarely,1018.0,Research & Development,3,2,Life Sciences,1,727,3.0,Female,39,3,3,Research Director,4.0,Single,11159.0,19373,3.0,Y,No,15,3.0,4,80,0,10.0,6.0,3.0,7.0,7,7,7
47.0,No,Travel_Rarely,703.0,Sales,14,4,Marketing,1,728,4.0,Male,42,3,2,Sales Executive,1.0,Single,4960.0,11825,2.0,Y,No,12,3.0,4,80,0,20.0,2.0,3.0,7.0,7,1,7
40.0,No,Travel_Frequently,580.0,Sales,5,4,Life Sciences,1,729,4.0,Male,48,2,3,Sales Executive,1.0,Married,10475.0,23772,5.0,Y,Yes,21,4.0,3,80,1,20.0,2.0,3.0,18.0,13,1,12
53.0,No,Travel_Rarely,970.0,Research & Development,7,3,Life Sciences,1,730,3.0,Male,59,4,4,Research Director,3.0,Married,14814.0,13514,3.0,Y,No,19,3.0,3,80,0,28.5,3.0,3.0,5.0,1,1,3
41.0,No,Travel_Rarely,427.0,Human Resources,10,4,Human Resources,1,731,2.0,Male,73,2,5,Manager,4.0,Divorced,16536.0,8861,3.0,Y,No,15,3.0,2,80,3,23.0,2.0,2.0,21.0,6,12,6
60.0,No,Travel_Rarely,1179.0,Sales,16,4,Marketing,1,732,1.0,Male,84,3,2,Sales Executive,1.0,Single,5405.0,11924,8.0,Y,No,14,3.0,4,80,0,10.0,1.0,3.0,2.0,2,2,2
27.0,No,Travel_Frequently,294.0,Research & Development,10,2,Life Sciences,1,733,4.0,Male,32,3,3,Manufacturing Director,1.0,Divorced,8793.0,4809,1.0,Y,No,21,4.0,3,80,2,9.0,4.0,2.0,9.0,7,1,7
41.0,No,Travel_Rarely,314.0,Human Resources,1,3,Human Resources,1,734,4.0,Male,59,2,5,Manager,3.0,Married,16536.0,19562,1.0,Y,No,12,3.0,2,80,1,22.0,3.0,3.0,22.0,7,2,10
50.0,No,Travel_Rarely,316.0,Sales,8,4,Marketing,1,738,4.0,Male,54,3,1,Sales Representative,2.0,Married,3875.0,9983,7.0,Y,No,15,3.0,4,80,1,4.0,2.0,3.0,2.0,2,2,2
28.0,Yes,Travel_Rarely,654.0,Research & Development,1,2,Life Sciences,1,741,1.0,Female,67,1,1,Research Scientist,2.0,Single,2216.0,3872,7.0,Y,Yes,13,3.0,4,80,0,10.0,4.0,3.0,7.0,7,3,7
36.0,No,Non-Travel,427.0,Research & Development,8,3,Life Sciences,1,742,1.0,Female,63,4,3,Research Director,1.0,Married,11713.0,20335,9.0,Y,No,14,3.0,1,80,1,10.0,2.0,3.0,8.0,7,0,5
38.0,No,Travel_Rarely,168.0,Research & Development,1,3,Life Sciences,1,743,3.0,Female,81,3,3,Manufacturing Director,3.0,Single,7861.0,15397,4.0,Y,Yes,14,3.0,4,80,0,10.0,4.0,4.0,1.0,0,0,0
44.0,No,Non-Travel,381.0,Research & Development,24,3,Medical,1,744,1.0,Male,49,1,1,Laboratory Technician,3.0,Single,3708.0,2104,2.0,Y,No,14,3.0,3,80,0,9.0,5.0,3.0,5.0,2,1,4
47.0,No,Travel_Frequently,217.0,Sales,3,3,Medical,1,746,4.0,Female,49,3,4,Sales Executive,3.0,Divorced,13770.0,10225,9.0,Y,Yes,12,3.0,4,80,2,28.0,2.0,2.0,22.0,2,11,13
30.0,No,Travel_Rarely,501.0,Sales,27,5,Marketing,1,747,3.0,Male,99,3,2,Sales Executive,4.0,Divorced,5304.0,25275,7.0,Y,No,23,4.0,4,80,1,10.0,2.0,2.0,8.0,7,7,7
29.0,No,Travel_Rarely,1396.0,Sales,10,3,Life Sciences,1,749,3.0,Male,99,3,1,Sales Representative,3.0,Single,2642.0,2755,1.0,Y,No,11,3.0,3,80,0,1.0,6.0,3.0,1.0,0,0,0
42.0,Yes,Travel_Frequently,933.0,Research & Development,19,3,Medical,1,752,3.0,Male,57,4,1,Research Scientist,3.0,Divorced,2759.0,20366,6.0,Y,Yes,12,3.0,4,80,0,7.0,2.0,3.0,2.0,2,2,2
43.0,No,Travel_Frequently,775.0,Sales,15,3,Life Sciences,1,754,4.0,Male,47,2,2,Sales Executive,4.0,Married,6804.0,23683,3.0,Y,No,18,3.0,3,80,1,7.0,5.0,3.0,2.0,2,2,2
34.0,No,Travel_Rarely,970.0,Research & Development,8,2,Medical,1,757,2.0,Female,96,3,2,Healthcare Representative,3.0,Single,6142.0,7360,3.0,Y,No,11,3.0,4,80,0,10.0,2.0,3.0,5.0,1,4,3
23.0,No,Travel_Rarely,650.0,Research & Development,9,1,Medical,1,758,2.0,Male,37,3,1,Laboratory Technician,1.0,Married,2500.0,4344,1.0,Y,No,14,3.0,4,80,1,5.0,2.0,4.0,4.0,3,0,2
39.0,No,Travel_Rarely,141.0,Human Resources,3,3,Human Resources,1,760,3.0,Female,44,4,2,Human Resources,2.0,Married,6389.0,18767,9.0,Y,No,15,3.0,3,80,1,12.0,3.0,1.0,8.0,3,3,6
56.0,No,Travel_Rarely,832.0,Research & Development,9,3,Medical,1,762,3.0,Male,81,3,4,Healthcare Representative,4.0,Married,11103.0,20420,7.0,Y,No,11,3.0,3,80,0,28.5,1.0,2.0,10.0,7,1,1
40.0,No,Travel_Rarely,804.0,Research & Development,2,1,Medical,1,763,4.0,Female,86,2,1,Research Scientist,4.0,Single,2342.0,22929,0.0,Y,Yes,20,4.0,4,80,0,5.0,2.0,2.0,4.0,2,2,3
27.0,No,Travel_Rarely,975.0,Research & Development,7,3,Medical,1,764,4.0,Female,55,2,2,Healthcare Representative,1.0,Single,6811.0,23398,8.0,Y,No,19,3.0,1,80,0,9.0,2.0,1.0,7.0,6,0,7
29.0,No,Travel_Rarely,1090.0,Sales,10,3,Marketing,1,766,4.0,Male,83,3,1,Sales Representative,2.0,Divorced,2297.0,17967,1.0,Y,No,14,3.0,4,80,2,2.0,2.0,3.0,2.0,2,2,2
53.0,No,Travel_Rarely,346.0,Research & Development,6,3,Life Sciences,1,769,4.0,Male,86,3,2,Laboratory Technician,4.0,Single,2450.0,10919,2.0,Y,No,17,3.0,4,80,0,19.0,4.0,3.0,2.0,2,2,2
35.0,No,Non-Travel,1225.0,Research & Development,2,4,Life Sciences,1,771,4.0,Female,61,3,2,Healthcare Representative,1.0,Divorced,5093.0,4761,2.0,Y,No,11,3.0,1,80,1,16.0,2.0,4.0,1.0,0,0,0
32.0,No,Travel_Frequently,430.0,Research & Development,24,4,Life Sciences,1,772,1.0,Male,80,3,2,Laboratory Technician,4.0,Married,5309.0,21146,1.0,Y,No,15,3.0,4,80,2,10.0,2.0,3.0,10.0,8,4,7
38.0,No,Travel_Rarely,268.0,Research & Development,2,5,Medical,1,773,4.0,Male,92,3,1,Research Scientist,3.0,Married,3057.0,20471,6.0,Y,Yes,13,3.0,2,80,1,6.0,0.0,1.0,1.0,0,0,1
34.0,No,Travel_Rarely,167.0,Research & Development,8,5,Life Sciences,1,775,2.0,Female,32,3,2,Manufacturing Director,1.0,Divorced,5121.0,4187,3.0,Y,No,14,3.0,3,80,1,7.0,3.0,3.0,0.0,0,0,0
52.0,No,Travel_Rarely,621.0,Sales,3,4,Marketing,1,776,3.0,Male,31,2,4,Manager,1.0,Married,16536.0,10084,1.0,Y,No,11,3.0,1,80,0,28.5,3.0,4.0,31.0,6,1,16
33.0,Yes,Travel_Rarely,527.0,Research & Development,1,4,Other,1,780,4.0,Male,63,3,1,Research Scientist,4.0,Single,2686.0,5207,1.0,Y,Yes,13,3.0,3,80,0,10.0,2.0,2.0,10.0,9,7,8
25.0,No,Travel_Rarely,883.0,Sales,26,1,Medical,1,781,3.0,Female,32,3,2,Sales Executive,4.0,Single,6180.0,22807,1.0,Y,No,23,4.0,2,80,0,6.0,5.0,2.0,6.0,5,1,4
45.0,No,Travel_Rarely,954.0,Sales,2,2,Technical Degree,1,783,2.0,Male,46,1,2,Sales Representative,3.0,Single,6632.0,12388,0.0,Y,No,13,3.0,1,80,0,9.0,3.0,3.0,8.0,7,3,1
23.0,No,Travel_Rarely,310.0,Research & Development,10,1,Medical,1,784,1.0,Male,79,4,1,Research Scientist,3.0,Single,3505.0,19630,1.0,Y,No,18,3.0,4,80,0,2.0,3.0,3.0,2.0,2,0,2
47.0,Yes,Travel_Frequently,719.0,Sales,27,2,Life Sciences,1,785,2.0,Female,77,4,2,Sales Executive,3.0,Single,6397.0,10339,4.0,Y,Yes,12,3.0,4,80,0,8.0,2.0,3.0,5.0,4,1,3
34.0,No,Travel_Rarely,304.0,Sales,2,3,Other,1,786,4.0,Male,60,3,2,Sales Executive,4.0,Single,6274.0,18686,1.0,Y,No,22,4.0,3,80,0,6.0,5.0,3.0,6.0,5,1,4
55.0,Yes,Travel_Rarely,725.0,Research & Development,2,3,Medical,1,787,4.0,Male,78,3,5,Manager,1.0,Married,16536.0,21199,5.0,Y,Yes,13,3.0,4,80,1,24.0,2.0,3.0,5.0,2,1,4
36.0,No,Non-Travel,1434.0,Sales,8,4,Life Sciences,1,789,1.0,Male,76,2,3,Sales Executive,1.0,Single,7587.0,14229,1.0,Y,No,15,3.0,2,80,0,10.0,1.0,3.0,10.0,7,0,9
52.0,No,Non-Travel,715.0,Research & Development,19,4,Medical,1,791,4.0,Male,41,3,1,Research Scientist,4.0,Married,4258.0,26589,0.0,Y,No,18,3.0,1,80,1,5.0,3.0,3.0,4.0,3,1,2
26.0,No,Travel_Frequently,575.0,Research & Development,1,2,Life Sciences,1,792,1.0,Female,71,1,1,Laboratory Technician,4.0,Divorced,4364.0,5288,3.0,Y,No,14,3.0,1,80,1,5.0,2.0,3.0,2.0,2,2,0
29.0,No,Travel_Rarely,657.0,Research & Development,27,3,Medical,1,793,2.0,Female,66,3,2,Healthcare Representative,3.0,Married,4335.0,25549,4.0,Y,No,12,3.0,1,80,1,11.0,3.0,2.0,8.0,7,1,1
26.0,Yes,Travel_Rarely,1146.0,Sales,8,3,Technical Degree,1,796,4.0,Male,38,2,2,Sales Executive,1.0,Single,5326.0,3064,6.0,Y,No,17,3.0,3,80,0,6.0,2.0,2.0,4.0,3,1,2
34.0,No,Travel_Rarely,182.0,Research & Development,1,4,Life Sciences,1,797,2.0,Female,72,4,1,Research Scientist,4.0,Single,3280.0,13551,2.0,Y,No,16,3.0,3,80,0,10.0,2.0,3.0,4.0,2,1,3
54.0,No,Travel_Rarely,376.0,Research & Development,19,4,Medical,1,799,4.0,Female,95,3,2,Manufacturing Director,1.0,Divorced,5485.0,22670,9.0,Y,Yes,11,3.0,2,80,2,9.0,4.0,3.0,5.0,3,1,4
27.0,No,Travel_Frequently,829.0,Sales,8,1,Marketing,1,800,3.0,Male,84,3,2,Sales Executive,4.0,Married,4342.0,24008,0.0,Y,No,19,3.0,2,80,1,5.0,3.0,3.0,4.0,2,1,1
37.0,No,Travel_Rarely,571.0,Research & Development,10,1,Life Sciences,1,802,4.0,Female,82,3,1,Research Scientist,1.0,Divorced,2782.0,19905,0.0,Y,Yes,13,3.0,2,80,2,6.0,3.0,2.0,5.0,3,4,3
38.0,No,Travel_Frequently,240.0,Research & Development,2,4,Life Sciences,1,803,1.0,Female,75,4,2,Manufacturing Director,1.0,Single,5980.0,26085,6.0,Y,Yes,12,3.0,4,80,0,17.0,2.0,3.0,15.0,7,4,12
34.0,No,Travel_Rarely,121.0,Research & Development,2,4,Medical,1,804,3.0,Female,86,2,1,Research Scientist,1.0,Single,4381.0,7530,1.0,Y,No,11,3.0,3,80,0,6.0,3.0,3.0,6.0,5,1,3
35.0,No,Travel_Rarely,384.0,Sales,8,4,Life Sciences,1,805,1.0,Female,72,3,1,Sales Representative,4.0,Married,2572.0,20317,1.0,Y,No,16,3.0,2,80,1,3.0,1.0,2.0,3.0,2,0,2
30.0,No,Travel_Rarely,921.0,Research & Development,1,3,Life Sciences,1,806,4.0,Male,38,1,1,Laboratory Technician,3.0,Married,3833.0,24375,3.0,Y,No,21,4.0,3,80,2,7.0,2.0,3.0,2.0,2,0,2
40.0,No,Travel_Frequently,791.0,Research & Development,2,2,Medical,1,807,3.0,Female,38,4,2,Healthcare Representative,2.0,Married,4244.0,9931,1.0,Y,No,24,4.0,4,80,1,8.0,2.0,3.0,8.0,7,3,7
34.0,No,Travel_Rarely,1111.0,Sales,8,2,Life Sciences,1,808,3.0,Female,93,3,2,Sales Executive,1.0,Married,6500.0,13305,5.0,Y,No,17,3.0,2,80,1,6.0,1.0,3.0,3.0,2,1,2
42.0,No,Travel_Frequently,570.0,Research & Development,8,3,Life Sciences,1,809,2.0,Male,66,3,5,Manager,4.0,Divorced,16536.0,16225,1.0,Y,No,13,3.0,2,80,1,24.0,4.0,2.0,24.0,7,14,9
23.0,Yes,Travel_Rarely,1243.0,Research & Development,6,3,Life Sciences,1,811,3.0,Male,63,4,1,Laboratory Technician,1.0,Married,1601.0,3445,1.0,Y,Yes,21,4.0,3,80,2,1.0,2.0,3.0,0.0,0,0,0
24.0,No,Non-Travel,1092.0,Research & Development,9,3,Life Sciences,1,812,3.0,Male,60,2,1,Laboratory Technician,2.0,Divorced,2694.0,26551,1.0,Y,No,11,3.0,3,80,3,1.0,4.0,3.0,1.0,0,0,0
52.0,No,Travel_Rarely,1325.0,Research & Development,11,4,Life Sciences,1,813,4.0,Female,82,3,2,Laboratory Technician,3.0,Married,3149.0,21821,8.0,Y,No,20,4.0,2,80,1,9.0,3.0,3.0,5.0,2,1,4
50.0,No,Travel_Rarely,691.0,Research & Development,2,3,Medical,1,815,3.0,Male,64,3,4,Research Director,3.0,Married,16536.0,6881,5.0,Y,No,16,3.0,4,80,0,28.5,3.0,3.0,4.0,3,0,3
29.0,Yes,Travel_Rarely,805.0,Research & Development,1,2,Life Sciences,1,816,2.0,Female,36,2,1,Laboratory Technician,1.0,Married,2319.0,6689,1.0,Y,Yes,11,3.0,4,80,1,1.0,1.0,3.0,1.0,0,0,0
33.0,No,Travel_Rarely,213.0,Research & Development,7,3,Medical,1,817,3.0,Male,49,3,3,Research Director,3.0,Married,11691.0,25995,0.0,Y,No,11,3.0,4,80,0,14.0,3.0,4.0,13.0,9,3,7
33.0,Yes,Travel_Rarely,118.0,Sales,16,3,Marketing,1,819,1.0,Female,69,3,2,Sales Executive,1.0,Single,5324.0,26507,5.0,Y,No,15,3.0,3,80,0,6.0,3.0,3.0,3.0,2,0,2
47.0,No,Travel_Rarely,202.0,Research & Development,2,2,Other,1,820,3.0,Female,33,3,4,Manager,4.0,Married,16536.0,12982,1.0,Y,Yes,11,3.0,3,80,1,26.0,3.0,2.0,26.0,14,3,0
36.0,No,Travel_Rarely,676.0,Research & Development,1,3,Other,1,823,3.0,Female,35,3,2,Manufacturing Director,2.0,Married,5228.0,23361,0.0,Y,No,15,3.0,1,80,1,10.0,2.0,3.0,9.0,7,0,5
29.0,No,Travel_Rarely,1252.0,Research & Development,23,2,Life Sciences,1,824,3.0,Male,81,4,1,Research Scientist,3.0,Married,2700.0,23779,1.0,Y,No,24,4.0,3,80,1,10.0,3.0,3.0,10.0,7,0,7
58.0,Yes,Travel_Rarely,286.0,Research & Development,2,4,Life Sciences,1,825,4.0,Male,31,3,5,Research Director,2.0,Single,16536.0,25761,7.0,Y,Yes,12,3.0,4,80,0,28.5,2.0,3.0,31.0,15,13,8
35.0,No,Travel_Rarely,1258.0,Research & Development,1,4,Life Sciences,1,826,4.0,Female,40,4,1,Research Scientist,3.0,Single,2506.0,13301,3.0,Y,No,13,3.0,3,80,0,7.0,0.0,3.0,2.0,2,2,2
42.0,No,Travel_Rarely,932.0,Research & Development,1,2,Life Sciences,1,827,4.0,Female,43,2,2,Manufacturing Director,4.0,Married,6062.0,4051,9.0,Y,Yes,13,3.0,4,80,1,8.0,4.0,3.0,4.0,3,0,2
28.0,Yes,Travel_Rarely,890.0,Research & Development,2,4,Medical,1,828,3.0,Male,46,3,1,Research Scientist,3.0,Single,4382.0,16374,6.0,Y,No,17,3.0,4,80,0,5.0,3.0,2.0,2.0,2,2,1
36.0,No,Travel_Rarely,1041.0,Human Resources,13,3,Human Resources,1,829,3.0,Male,36,3,1,Human Resources,2.0,Married,2143.0,25527,4.0,Y,No,13,3.0,2,80,1,8.0,2.0,3.0,5.0,2,0,4
32.0,No,Travel_Rarely,859.0,Research & Development,4,3,Life Sciences,1,830,3.0,Female,98,2,2,Manufacturing Director,3.0,Married,6162.0,19124,1.0,Y,No,12,3.0,3,80,1,14.0,3.0,3.0,14.0,13,6,8
40.0,No,Travel_Frequently,720.0,Research & Development,16,4,Medical,1,832,1.0,Male,51,2,2,Laboratory Technician,3.0,Single,5094.0,11983,6.0,Y,No,14,3.0,4,80,0,10.0,6.0,3.0,1.0,0,0,0
30.0,No,Travel_Rarely,946.0,Research & Development,2,3,Medical,1,833,3.0,Female,52,2,2,Manufacturing Director,4.0,Single,6877.0,20234,5.0,Y,Yes,24,4.0,2,80,0,12.0,4.0,2.0,0.0,0,0,0
45.0,No,Travel_Rarely,252.0,Research & Development,2,3,Life Sciences,1,834,2.0,Female,95,2,1,Research Scientist,3.0,Single,2274.0,6153,1.0,Y,No,14,3.0,4,80,0,1.0,3.0,3.0,1.0,0,0,0
42.0,No,Travel_Rarely,933.0,Research & Development,29,3,Life Sciences,1,836,2.0,Male,98,3,2,Manufacturing Director,2.0,Married,4434.0,11806,1.0,Y,No,13,3.0,4,80,1,10.0,3.0,2.0,9.0,8,7,8
38.0,No,Travel_Frequently,471.0,Research & Development,12,3,Life Sciences,1,837,1.0,Male,45,2,2,Healthcare Representative,1.0,Divorced,6288.0,4284,2.0,Y,No,15,3.0,3,80,1,13.0,3.0,2.0,4.0,3,1,2
34.0,No,Travel_Frequently,702.0,Research & Development,16,4,Life Sciences,1,838,3.0,Female,100,2,1,Research Scientist,4.0,Single,2553.0,8306,1.0,Y,No,16,3.0,3,80,0,6.0,3.0,3.0,5.0,2,1,3
49.0,Yes,Travel_Rarely,1184.0,Sales,11,3,Marketing,1,840,3.0,Female,43,3,3,Sales Executive,4.0,Married,7654.0,5860,1.0,Y,No,18,3.0,1,80,2,9.0,3.0,4.0,9.0,8,7,7
55.0,Yes,Travel_Rarely,436.0,Sales,2,1,Medical,1,842,3.0,Male,37,3,2,Sales Executive,4.0,Single,5160.0,21519,4.0,Y,No,16,3.0,3,80,0,12.0,3.0,2.0,9.0,7,7,3
43.0,No,Travel_Rarely,589.0,Research & Development,14,2,Life Sciences,1,843,2.0,Male,94,3,4,Research Director,1.0,Married,16536.0,5200,6.0,Y,No,24,4.0,3,80,1,22.0,3.0,3.0,4.0,1,1,0
27.0,No,Travel_Rarely,269.0,Research & Development,5,1,Technical Degree,1,844,3.0,Male,42,2,3,Research Director,4.0,Divorced,12808.0,8842,1.0,Y,Yes,16,3.0,2,80,1,9.0,3.0,3.0,9.0,8,0,8
35.0,No,Travel_Rarely,950.0,Research & Development,7,3,Other,1,845,3.0,Male,59,3,3,Manufacturing Director,3.0,Single,10221.0,18869,3.0,Y,No,21,4.0,2,80,0,17.0,3.0,4.0,8.0,5,1,6
28.0,No,Travel_Rarely,760.0,Sales,2,4,Marketing,1,846,2.0,Female,81,3,2,Sales Executive,2.0,Married,4779.0,3698,1.0,Y,Yes,20,4.0,1,80,0,8.0,2.0,3.0,8.0,7,7,5
34.0,No,Travel_Rarely,829.0,Human Resources,3,2,Human Resources,1,847,3.0,Male,88,3,1,Human Resources,4.0,Married,3737.0,2243,0.0,Y,No,19,3.0,3,80,1,4.0,1.0,1.0,3.0,2,0,2
26.0,Yes,Travel_Frequently,887.0,Research & Development,5,2,Medical,1,848,3.0,Female,88,2,1,Research Scientist,3.0,Married,2366.0,20898,1.0,Y,Yes,14,3.0,1,80,1,8.0,2.0,3.0,8.0,7,1,7
27.0,No,Non-Travel,443.0,Research & Development,3,3,Medical,1,850,4.0,Male,50,3,1,Research Scientist,4.0,Married,1706.0,16571,1.0,Y,No,11,3.0,3,80,3,1.0,6.0,2.0,0.0,0,0,0
51.0,No,Travel_Rarely,1318.0,Sales,26,4,Marketing,1,851,1.0,Female,66,3,4,Manager,3.0,Married,16307.0,5594,2.0,Y,No,14,3.0,3,80,1,28.5,2.0,2.0,20.0,6,4,17
44.0,No,Travel_Rarely,625.0,Research & Development,4,3,Medical,1,852,4.0,Male,50,3,2,Healthcare Representative,2.0,Single,5933.0,5197,9.0,Y,No,12,3.0,4,80,0,10.0,2.0,2.0,5.0,2,2,3
25.0,No,Travel_Rarely,180.0,Research & Development,2,1,Medical,1,854,1.0,Male,65,4,1,Research Scientist,1.0,Single,3424.0,21632,7.0,Y,No,13,3.0,3,80,0,6.0,3.0,2.0,4.0,3,0,1
33.0,No,Travel_Rarely,586.0,Sales,1,3,Medical,1,855,1.0,Male,48,4,2,Sales Executive,1.0,Divorced,4037.0,21816,1.0,Y,No,22,4.0,1,80,1,9.0,5.0,3.0,9.0,8,0,8
35.0,No,Travel_Rarely,1343.0,Research & Development,27,1,Medical,1,856,3.0,Female,53,2,1,Research Scientist,1.0,Single,2559.0,17852,1.0,Y,No,11,3.0,4,80,0,6.0,3.0,2.0,6.0,5,1,1
36.0,No,Travel_Rarely,928.0,Sales,1,2,Life Sciences,1,857,2.0,Male,56,3,2,Sales Executive,4.0,Married,6201.0,2823,1.0,Y,Yes,14,3.0,4,80,1,18.0,1.0,2.0,18.0,14,4,11
32.0,No,Travel_Rarely,117.0,Sales,13,4,Life Sciences,1,859,2.0,Male,73,3,2,Sales Executive,4.0,Divorced,4403.0,9250,2.0,Y,No,11,3.0,3,80,1,8.0,3.0,2.0,5.0,2,0,3
30.0,No,Travel_Frequently,1012.0,Research & Development,5,4,Life Sciences,1,861,2.0,Male,75,2,1,Research Scientist,4.0,Divorced,3761.0,2373,9.0,Y,No,12,3.0,2,80,1,10.0,3.0,2.0,5.0,4,0,3
53.0,No,Travel_Rarely,661.0,Sales,7,2,Marketing,1,862,1.0,Female,78,2,3,Sales Executive,4.0,Married,10934.0,20715,7.0,Y,Yes,18,3.0,4,80,1,28.5,3.0,3.0,5.0,2,0,4
45.0,No,Travel_Rarely,930.0,Sales,9,3,Marketing,1,864,4.0,Male,74,3,3,Sales Executive,1.0,Divorced,10761.0,19239,4.0,Y,Yes,12,3.0,3,80,1,18.0,2.0,3.0,5.0,4,0,2
32.0,No,Travel_Rarely,638.0,Research & Development,8,2,Medical,1,865,3.0,Female,91,4,2,Research Scientist,3.0,Married,5175.0,22162,5.0,Y,No,12,3.0,3,80,1,9.0,3.0,2.0,5.0,3,1,3
52.0,No,Travel_Frequently,890.0,Research & Development,25,4,Medical,1,867,3.0,Female,81,2,4,Manufacturing Director,4.0,Married,13826.0,19028,3.0,Y,No,22,4.0,3,80,0,28.5,3.0,3.0,9.0,8,0,0
37.0,No,Travel_Rarely,342.0,Sales,16,4,Marketing,1,868,4.0,Male,66,2,2,Sales Executive,3.0,Divorced,6334.0,24558,4.0,Y,No,19,3.0,4,80,2,9.0,2.0,3.0,1.0,0,0,0
28.0,No,Travel_Rarely,1169.0,Human Resources,8,2,Medical,1,869,2.0,Male,63,2,1,Human Resources,4.0,Divorced,4936.0,23965,1.0,Y,No,13,3.0,4,80,1,6.0,6.0,3.0,5.0,1,0,4
22.0,No,Travel_Rarely,1230.0,Research & Development,1,2,Life Sciences,1,872,4.0,Male,33,2,2,Manufacturing Director,4.0,Married,4775.0,19146,6.0,Y,No,22,4.0,1,80,2,4.0,2.0,1.0,2.0,2,2,2
44.0,No,Travel_Rarely,986.0,Research & Development,8,4,Life Sciences,1,874,1.0,Male,62,4,1,Laboratory Technician,4.0,Married,2818.0,5044,2.0,Y,Yes,24,4.0,3,80,1,10.0,2.0,2.0,3.0,2,0,2
42.0,No,Travel_Frequently,1271.0,Research & Development,2,1,Medical,1,875,2.0,Male,35,3,1,Research Scientist,4.0,Single,2515.0,9068,5.0,Y,Yes,14,3.0,4,80,0,8.0,2.0,3.0,2.0,1,2,2
36.0,No,Travel_Rarely,1278.0,Human Resources,8,3,Life Sciences,1,878,1.0,Male,77,2,1,Human Resources,1.0,Married,2342.0,8635,0.0,Y,No,21,4.0,3,80,0,6.0,3.0,3.0,5.0,4,0,3
25.0,No,Travel_Rarely,141.0,Sales,3,1,Other,1,879,3.0,Male,98,3,2,Sales Executive,1.0,Married,4194.0,14363,1.0,Y,Yes,18,3.0,4,80,0,5.0,3.0,3.0,5.0,3,0,3
35.0,No,Travel_Rarely,607.0,Research & Development,9,3,Life Sciences,1,880,4.0,Female,66,2,3,Manufacturing Director,3.0,Married,10685.0,23457,1.0,Y,Yes,20,4.0,2,80,1,17.0,2.0,3.0,17.0,14,5,15
35.0,Yes,Travel_Frequently,130.0,Research & Development,25,4,Life Sciences,1,881,4.0,Female,96,3,1,Research Scientist,2.0,Divorced,2022.0,16612,1.0,Y,Yes,19,3.0,1,80,1,10.0,3.0,2.0,10.0,2,7,8
32.0,No,Non-Travel,300.0,Research & Development,1,3,Life Sciences,1,882,4.0,Male,61,3,1,Laboratory Technician,4.0,Divorced,2314.0,9148,0.0,Y,No,12,3.0,2,80,1,4.0,2.0,3.0,3.0,0,0,2
25.0,No,Travel_Rarely,583.0,Sales,4,1,Marketing,1,885,3.0,Male,87,2,2,Sales Executive,1.0,Married,4256.0,18154,1.0,Y,No,12,3.0,1,80,0,5.0,1.0,4.0,5.0,2,0,3
49.0,No,Travel_Rarely,1418.0,Research & Development,1,3,Technical Degree,1,887,3.0,Female,36,3,1,Research Scientist,1.0,Married,3580.0,10554,2.0,Y,No,16,3.0,2,80,1,7.0,2.0,3.0,4.0,2,0,2
24.0,No,Non-Travel,1269.0,Research & Development,4,1,Life Sciences,1,888,1.0,Male,46,2,1,Laboratory Technician,4.0,Married,3162.0,10778,0.0,Y,No,17,3.0,4,80,0,6.0,2.0,2.0,5.0,2,3,4
32.0,No,Travel_Frequently,379.0,Sales,5,2,Life Sciences,1,889,2.0,Male,48,3,2,Sales Executive,2.0,Married,6524.0,8891,1.0,Y,No,14,3.0,4,80,1,10.0,3.0,3.0,10.0,8,5,3
38.0,No,Travel_Rarely,395.0,Sales,9,3,Marketing,1,893,2.0,Male,98,2,1,Sales Representative,2.0,Married,2899.0,12102,0.0,Y,No,19,3.0,4,80,1,3.0,3.0,3.0,2.0,2,1,2
42.0,No,Travel_Rarely,1265.0,Research & Development,3,3,Life Sciences,1,894,3.0,Female,95,4,2,Laboratory Technician,4.0,Married,5231.0,23726,2.0,Y,Yes,13,3.0,2,80,1,17.0,1.0,2.0,5.0,3,1,3
31.0,No,Travel_Rarely,1222.0,Research & Development,11,4,Life Sciences,1,895,4.0,Male,48,3,1,Research Scientist,4.0,Married,2356.0,14871,3.0,Y,Yes,19,3.0,2,80,1,8.0,2.0,3.0,6.0,4,0,2
29.0,Yes,Travel_Rarely,341.0,Sales,1,3,Medical,1,896,2.0,Female,48,2,1,Sales Representative,3.0,Divorced,2800.0,23522,6.0,Y,Yes,19,3.0,3,80,3,5.0,3.0,3.0,3.0,2,0,2
53.0,No,Travel_Rarely,868.0,Sales,8,3,Marketing,1,897,1.0,Male,73,3,4,Sales Executive,4.0,Married,11836.0,22789,5.0,Y,No,14,3.0,3,80,1,28.0,3.0,3.0,2.0,0,2,2
35.0,No,Travel_Rarely,672.0,Research & Development,25,3,Technical Degree,1,899,4.0,Male,78,2,3,Manufacturing Director,2.0,Married,10903.0,9129,3.0,Y,No,16,3.0,1,80,0,16.0,2.0,3.0,13.0,10,4,8
37.0,No,Travel_Frequently,1231.0,Sales,21,2,Medical,1,900,3.0,Female,54,3,1,Sales Representative,4.0,Married,2973.0,21222,5.0,Y,No,15,3.0,2,80,1,10.0,3.0,3.0,5.0,4,0,0
53.0,No,Travel_Rarely,102.0,Research & Development,23,4,Life Sciences,1,901,4.0,Female,72,3,4,Research Director,4.0,Single,14275.0,20206,6.0,Y,No,18,3.0,3,80,0,28.5,0.0,3.0,12.0,9,3,8
43.0,No,Travel_Frequently,422.0,Research & Development,1,3,Life Sciences,1,902,4.0,Female,33,3,2,Healthcare Representative,4.0,Married,5562.0,21782,4.0,Y,No,13,3.0,2,80,1,12.0,2.0,2.0,5.0,2,2,2
47.0,No,Travel_Rarely,249.0,Sales,2,2,Marketing,1,903,3.0,Female,35,3,2,Sales Executive,4.0,Married,4537.0,17783,0.0,Y,Yes,22,4.0,1,80,1,8.0,2.0,3.0,7.0,6,7,7
37.0,No,Non-Travel,1252.0,Sales,19,2,Medical,1,904,1.0,Male,32,3,3,Sales Executive,2.0,Single,7642.0,4814,1.0,Y,Yes,13,3.0,4,80,0,10.0,2.0,3.0,10.0,0,0,9
50.0,No,Non-Travel,881.0,Research & Development,2,4,Life Sciences,1,905,1.0,Male,98,3,4,Manager,1.0,Divorced,16536.0,4544,1.0,Y,No,11,3.0,4,80,1,28.5,3.0,3.0,31.0,6,14,7
39.0,No,Travel_Rarely,1383.0,Human Resources,2,3,Life Sciences,1,909,4.0,Female,42,2,2,Human Resources,4.0,Married,5204.0,7790,8.0,Y,No,11,3.0,3,80,2,13.0,2.0,3.0,5.0,4,0,4
33.0,No,Travel_Rarely,1075.0,Human Resources,3,2,Human Resources,1,910,4.0,Male,57,3,1,Human Resources,2.0,Divorced,2277.0,22650,3.0,Y,Yes,11,3.0,3,80,1,7.0,4.0,4.0,4.0,3,0,3
32.0,Yes,Travel_Rarely,374.0,Research & Development,25,4,Life Sciences,1,911,1.0,Male,87,3,1,Laboratory Technician,4.0,Single,2795.0,18016,1.0,Y,Yes,24,4.0,3,80,0,1.0,2.0,1.0,1.0,0,0,1
29.0,No,Travel_Rarely,1086.0,Research & Development,7,1,Medical,1,912,1.0,Female,62,2,1,Laboratory Technician,4.0,Divorced,2532.0,6054,6.0,Y,No,14,3.0,3,80,3,8.0,5.0,3.0,4.0,3,0,3
44.0,No,Travel_Rarely,661.0,Research & Development,9,2,Life Sciences,1,913,2.0,Male,61,3,1,Research Scientist,1.0,Married,2559.0,7508,1.0,Y,Yes,13,3.0,4,80,0,8.0,0.0,3.0,8.0,7,7,1
28.0,No,Travel_Rarely,821.0,Sales,5,4,Medical,1,916,1.0,Male,98,3,2,Sales Executive,4.0,Single,4908.0,24252,1.0,Y,No,14,3.0,2,80,0,4.0,3.0,3.0,4.0,2,0,2
58.0,Yes,Travel_Frequently,781.0,Research & Development,2,1,Life Sciences,1,918,4.0,Male,57,2,1,Laboratory Technician,4.0,Divorced,2380.0,13384,9.0,Y,Yes,14,3.0,4,80,1,3.0,3.0,2.0,1.0,0,0,0
43.0,No,Travel_Rarely,177.0,Research & Development,8,3,Life Sciences,1,920,1.0,Female,55,3,2,Manufacturing Director,2.0,Divorced,4765.0,23814,4.0,Y,No,21,4.0,3,80,1,4.0,2.0,4.0,1.0,0,0,0
20.0,Yes,Travel_Rarely,500.0,Sales,2,3,Medical,1,922,3.0,Female,49,2,1,Sales Representative,3.0,Single,2044.0,22052,1.0,Y,No,13,3.0,4,80,0,2.0,3.0,2.0,2.0,2,0,2
21.0,Yes,Travel_Rarely,1427.0,Research & Development,18,1,Other,1,923,4.0,Female,65,3,1,Research Scientist,4.0,Single,2693.0,8870,1.0,Y,No,19,3.0,1,80,0,1.0,3.0,2.0,1.0,0,0,0
36.0,No,Travel_Rarely,1425.0,Research & Development,14,1,Life Sciences,1,924,3.0,Male,68,3,2,Healthcare Representative,4.0,Married,6586.0,4821,0.0,Y,Yes,17,3.0,1,80,1,17.0,2.0,2.0,16.0,8,4,11
47.0,No,Travel_Rarely,1454.0,Sales,2,4,Life Sciences,1,925,4.0,Female,65,2,1,Sales Representative,4.0,Single,3294.0,13137,1.0,Y,Yes,18,3.0,1,80,0,3.0,3.0,2.0,3.0,2,1,2
22.0,Yes,Travel_Rarely,617.0,Research & Development,3,1,Life Sciences,1,926,2.0,Female,34,3,2,Manufacturing Director,3.0,Married,4171.0,10022,0.0,Y,Yes,19,3.0,1,80,1,4.0,3.0,4.0,3.0,2,0,2
41.0,Yes,Travel_Rarely,1085.0,Research & Development,2,4,Life Sciences,1,927,2.0,Female,57,1,1,Laboratory Technician,4.0,Divorced,2778.0,17725,4.0,Y,Yes,13,3.0,3,80,1,10.0,1.0,2.0,7.0,7,1,0
28.0,No,Travel_Rarely,995.0,Research & Development,9,3,Medical,1,930,3.0,Female,77,3,1,Research Scientist,3.0,Divorced,2377.0,9834,5.0,Y,No,18,3.0,2,80,1,6.0,2.0,3.0,2.0,2,2,2
39.0,Yes,Travel_Rarely,1122.0,Research & Development,6,3,Medical,1,932,4.0,Male,70,3,1,Laboratory Technician,1.0,Married,2404.0,4303,7.0,Y,Yes,21,4.0,4,80,0,8.0,2.0,1.0,2.0,2,2,2
27.0,No,Travel_Rarely,618.0,Research & Development,4,3,Life Sciences,1,933,2.0,Female,76,3,1,Research Scientist,3.0,Single,2318.0,17808,1.0,Y,No,19,3.0,3,80,0,1.0,2.0,3.0,1.0,1,0,0
34.0,No,Travel_Rarely,546.0,Research & Development,10,3,Life Sciences,1,934,2.0,Male,83,3,1,Laboratory Technician,2.0,Divorced,2008.0,6896,1.0,Y,No,14,3.0,2,80,2,1.0,3.0,3.0,1.0,0,1,0
42.0,No,Travel_Rarely,462.0,Sales,14,2,Medical,1,936,3.0,Female,68,2,2,Sales Executive,3.0,Single,6244.0,7824,7.0,Y,No,17,3.0,1,80,0,10.0,6.0,3.0,5.0,4,0,3
33.0,No,Travel_Rarely,1198.0,Research & Development,1,4,Other,1,939,3.0,Male,100,2,1,Research Scientist,1.0,Single,2799.0,3339,3.0,Y,Yes,11,3.0,2,80,0,6.0,1.0,3.0,3.0,2,0,2
58.0,No,Travel_Rarely,1272.0,Research & Development,5,3,Technical Degree,1,940,3.0,Female,37,2,3,Healthcare Representative,2.0,Divorced,10552.0,9255,2.0,Y,Yes,13,3.0,4,80,1,24.0,3.0,3.0,6.0,0,0,4
31.0,No,Travel_Rarely,154.0,Sales,7,4,Life Sciences,1,941,2.0,Male,41,2,1,Sales Representative,3.0,Married,2329.0,11737,3.0,Y,No,15,3.0,2,80,0,13.0,2.0,4.0,7.0,7,5,2
35.0,No,Travel_Rarely,1137.0,Research & Development,21,1,Life Sciences,1,942,4.0,Female,51,3,2,Healthcare Representative,4.0,Married,4014.0,19170,1.0,Y,Yes,25,4.0,4,80,1,10.0,2.0,1.0,10.0,6,0,7
49.0,No,Travel_Rarely,527.0,Research & Development,8,2,Other,1,944,1.0,Female,51,3,3,Laboratory Technician,2.0,Married,7403.0,22477,4.0,Y,No,11,3.0,3,80,1,28.5,3.0,2.0,26.0,9,1,7
48.0,No,Travel_Rarely,1469.0,Research & Development,20,4,Medical,1,945,4.0,Male,51,3,1,Research Scientist,3.0,Married,2259.0,5543,4.0,Y,No,17,3.0,1,80,2,13.0,2.0,2.0,0.0,0,0,0
31.0,No,Non-Travel,1188.0,Sales,20,2,Marketing,1,947,4.0,Female,45,3,2,Sales Executive,3.0,Married,6932.0,24406,1.0,Y,No,13,3.0,4,80,1,9.0,2.0,2.0,9.0,8,0,0
36.0,No,Travel_Rarely,188.0,Research & Development,7,4,Other,1,949,2.0,Male,65,3,1,Research Scientist,4.0,Single,4678.0,23293,2.0,Y,No,18,3.0,3,80,0,8.0,6.0,3.0,6.0,2,0,1
38.0,No,Travel_Rarely,1333.0,Research & Development,1,3,Technical Degree,1,950,4.0,Female,80,3,3,Research Director,1.0,Married,13582.0,16292,1.0,Y,No,13,3.0,2,80,1,15.0,3.0,3.0,15.0,12,5,11
32.0,No,Non-Travel,1184.0,Research & Development,1,3,Life Sciences,1,951,3.0,Female,70,2,1,Laboratory Technician,2.0,Married,2332.0,3974,6.0,Y,No,20,4.0,3,80,0,5.0,3.0,3.0,3.0,0,0,2
25.0,Yes,Travel_Rarely,867.0,Sales,19,2,Marketing,1,952,3.0,Male,36,2,1,Sales Representative,2.0,Married,2413.0,18798,1.0,Y,Yes,18,3.0,3,80,3,1.0,2.0,3.0,1.0,0,0,0
40.0,No,Travel_Rarely,658.0,Sales,10,4,Marketing,1,954,1.0,Male,67,2,3,Sales Executive,2.0,Divorced,9705.0,20652,2.0,Y,No,12,3.0,2,80,1,11.0,2.0,2.0,1.0,0,0,0
26.0,No,Travel_Frequently,1283.0,Sales,1,3,Medical,1,956,3.0,Male,52,2,2,Sales Executive,1.0,Single,4294.0,11148,1.0,Y,No,12,3.0,2,80,0,7.0,2.0,3.0,7.0,7,0,7
41.0,No,Travel_Rarely,263.0,Research & Development,6,3,Medical,1,957,4.0,Male,59,3,1,Laboratory Technician,1.0,Single,4721.0,3119,2.0,Y,Yes,13,3.0,3,80,0,20.0,3.0,3.0,18.0,13,2,17
36.0,No,Travel_Rarely,938.0,Research & Development,2,4,Medical,1,958,3.0,Male,79,3,1,Laboratory Technician,3.0,Single,2519.0,12287,4.0,Y,No,21,4.0,3,80,0,16.0,6.0,3.0,11.0,8,3,9
19.0,Yes,Travel_Rarely,419.0,Sales,21,3,Other,1,959,4.0,Male,37,2,1,Sales Representative,2.0,Single,2121.0,9947,1.0,Y,Yes,13,3.0,2,80,0,1.0,3.0,4.0,1.0,0,0,0
20.0,Yes,Travel_Rarely,129.0,Research & Development,4,3,Technical Degree,1,960,1.0,Male,84,3,1,Laboratory Technician,1.0,Single,2973.0,13008,1.0,Y,No,19,3.0,2,80,0,1.0,2.0,3.0,1.0,0,0,0
31.0,No,Travel_Rarely,616.0,Research & Development,12,3,Medical,1,961,4.0,Female,41,3,2,Healthcare Representative,4.0,Married,5855.0,17369,0.0,Y,Yes,11,3.0,3,80,2,10.0,2.0,1.0,9.0,7,8,5
40.0,No,Travel_Frequently,1469.0,Research & Development,9,4,Medical,1,964,4.0,Male,35,3,1,Research Scientist,2.0,Divorced,3617.0,25063,8.0,Y,Yes,14,3.0,4,80,1,3.0,2.0,3.0,1.0,1,0,0
32.0,No,Travel_Rarely,498.0,Research & Development,3,4,Medical,1,966,3.0,Female,93,3,2,Manufacturing Director,1.0,Married,6725.0,13554,1.0,Y,No,12,3.0,3,80,1,8.0,2.0,4.0,8.0,7,6,3
36.0,Yes,Travel_Rarely,530.0,Sales,3,1,Life Sciences,1,967,3.0,Male,51,2,3,Sales Executive,4.0,Married,10325.0,5518,1.0,Y,Yes,11,3.0,1,80,1,16.0,6.0,3.0,16.0,7,3,7
33.0,No,Travel_Rarely,1069.0,Research & Development,1,3,Life Sciences,1,969,2.0,Female,42,2,2,Healthcare Representative,4.0,Single,6949.0,12291,0.0,Y,No,14,3.0,1,80,0,6.0,3.0,3.0,5.0,0,1,4
37.0,Yes,Travel_Rarely,625.0,Sales,1,4,Life Sciences,1,970,1.0,Male,46,2,3,Sales Executive,3.0,Married,10609.0,14922,5.0,Y,No,11,3.0,3,80,0,17.0,2.0,1.0,14.0,1,11,7
45.0,No,Non-Travel,805.0,Research & Development,4,2,Life Sciences,1,972,3.0,Male,57,3,2,Laboratory Technician,2.0,Married,4447.0,23163,1.0,Y,No,12,3.0,2,80,0,9.0,5.0,2.0,9.0,7,0,8
29.0,No,Travel_Frequently,1404.0,Sales,20,3,Technical Degree,1,974,3.0,Female,84,3,1,Sales Representative,4.0,Married,2157.0,18203,1.0,Y,No,15,3.0,2,80,1,3.0,5.0,3.0,3.0,1,0,2
35.0,No,Travel_Rarely,1219.0,Sales,18,3,Medical,1,975,3.0,Female,86,3,2,Sales Executive,3.0,Married,4601.0,6179,1.0,Y,No,16,3.0,2,80,0,5.0,3.0,3.0,5.0,2,1,0
52.0,No,Travel_Rarely,1053.0,Research & Development,1,2,Life Sciences,1,976,4.0,Male,70,3,4,Manager,4.0,Married,16536.0,13829,2.0,Y,No,15,3.0,2,80,1,26.0,2.0,2.0,9.0,8,7,8
58.0,Yes,Travel_Rarely,289.0,Research & Development,2,3,Technical Degree,1,977,4.0,Male,51,3,1,Research Scientist,3.0,Single,2479.0,26227,4.0,Y,No,24,4.0,1,80,0,7.0,4.0,3.0,1.0,0,0,0
53.0,No,Travel_Rarely,1376.0,Sales,2,2,Medical,1,981,3.0,Male,45,3,4,Manager,3.0,Divorced,14852.0,13938,6.0,Y,No,13,3.0,3,80,1,22.0,3.0,4.0,17.0,13,15,2
30.0,No,Travel_Rarely,231.0,Sales,8,2,Other,1,982,3.0,Male,62,3,3,Sales Executive,3.0,Divorced,7264.0,9977,5.0,Y,No,11,3.0,1,80,1,10.0,2.0,4.0,8.0,4,7,7
38.0,No,Non-Travel,152.0,Sales,10,3,Technical Degree,1,983,3.0,Female,85,3,2,Sales Executive,4.0,Single,5666.0,19899,1.0,Y,Yes,13,3.0,2,80,0,6.0,1.0,3.0,5.0,3,1,3
35.0,No,Travel_Rarely,882.0,Sales,3,4,Life Sciences,1,984,4.0,Male,92,3,3,Sales Executive,4.0,Divorced,7823.0,6812,6.0,Y,No,13,3.0,2,80,1,12.0,2.0,3.0,10.0,9,0,8
39.0,No,Travel_Rarely,903.0,Sales,2,5,Life Sciences,1,985,1.0,Male,41,4,3,Sales Executive,3.0,Single,7880.0,2560,0.0,Y,No,18,3.0,4,80,0,9.0,3.0,3.0,8.0,7,0,7
40.0,Yes,Non-Travel,1479.0,Sales,24,3,Life Sciences,1,986,2.0,Female,100,4,4,Sales Executive,2.0,Single,13194.0,17071,4.0,Y,Yes,16,3.0,4,80,0,22.0,2.0,2.0,1.0,0,0,0
47.0,No,Travel_Frequently,1379.0,Research & Development,16,4,Medical,1,987,3.0,Male,64,4,2,Manufacturing Director,3.0,Divorced,5067.0,6759,1.0,Y,Yes,19,3.0,3,80,0,20.0,3.0,4.0,19.0,10,2,7
36.0,No,Non-Travel,1229.0,Sales,8,4,Technical Degree,1,990,1.0,Male,84,3,2,Sales Executive,4.0,Divorced,5079.0,25952,4.0,Y,No,13,3.0,4,80,2,12.0,3.0,3.0,7.0,7,0,7
31.0,Yes,Non-Travel,335.0,Research & Development,9,2,Medical,1,991,3.0,Male,46,2,1,Research Scientist,1.0,Single,2321.0,10322,0.0,Y,Yes,22,4.0,1,80,0,4.0,0.0,3.0,3.0,2,1,2
33.0,No,Non-Travel,722.0,Sales,17,3,Life Sciences,1,992,4.0,Male,38,3,4,Manager,3.0,Single,16536.0,20489,1.0,Y,No,11,3.0,4,80,0,10.0,2.0,3.0,10.0,8,6,0
29.0,Yes,Travel_Rarely,906.0,Research & Development,10,3,Life Sciences,1,994,4.0,Female,92,2,1,Research Scientist,1.0,Single,2404.0,11479,6.0,Y,Yes,20,4.0,3,80,0,3.0,5.0,3.0,0.0,0,0,0
33.0,No,Travel_Rarely,461.0,Research & Development,13,1,Life Sciences,1,995,2.0,Female,53,3,1,Research Scientist,4.0,Single,3452.0,17241,3.0,Y,No,18,3.0,1,80,0,5.0,4.0,3.0,3.0,2,0,2
45.0,No,Travel_Rarely,974.0,Research & Development,1,4,Medical,1,996,4.0,Female,91,3,1,Laboratory Technician,4.0,Divorced,2270.0,11005,3.0,Y,No,14,3.0,4,80,2,8.0,2.0,3.0,5.0,3,0,2
50.0,No,Travel_Rarely,1126.0,Research & Development,1,2,Medical,1,997,4.0,Male,66,3,4,Research Director,4.0,Divorced,16536.0,6615,9.0,Y,No,22,4.0,3,80,1,28.5,1.0,2.0,5.0,4,1,3
33.0,No,Travel_Frequently,827.0,Research & Development,1,4,Other,1,998,3.0,Female,84,4,2,Healthcare Representative,2.0,Married,5488.0,20161,1.0,Y,Yes,13,3.0,1,80,1,6.0,2.0,3.0,6.0,5,1,2
41.0,No,Travel_Frequently,840.0,Research & Development,9,3,Medical,1,999,1.0,Male,64,3,5,Research Director,3.0,Divorced,16536.0,3735,2.0,Y,No,17,3.0,2,80,1,21.0,2.0,4.0,18.0,16,0,11
27.0,No,Travel_Rarely,1134.0,Research & Development,16,4,Technical Degree,1,1001,3.0,Female,37,3,1,Laboratory Technician,2.0,Married,2811.0,12086,9.0,Y,No,14,3.0,2,80,1,4.0,2.0,3.0,2.0,2,2,2
45.0,No,Non-Travel,248.0,Research & Development,23,2,Life Sciences,1,1002,4.0,Male,42,3,2,Laboratory Technician,1.0,Married,3633.0,14039,1.0,Y,Yes,15,3.0,3,80,1,9.0,2.0,3.0,9.0,8,0,8
47.0,No,Travel_Rarely,955.0,Sales,4,2,Life Sciences,1,1003,4.0,Female,83,3,2,Sales Executive,4.0,Single,4163.0,8571,1.0,Y,Yes,17,3.0,3,80,0,9.0,0.0,3.0,9.0,0,0,7
30.0,Yes,Travel_Rarely,138.0,Research & Development,22,3,Life Sciences,1,1004,1.0,Female,48,3,1,Research Scientist,3.0,Married,2132.0,11539,4.0,Y,Yes,11,3.0,2,80,0,7.0,2.0,3.0,5.0,2,0,1
50.0,No,Travel_Rarely,939.0,Research & Development,24,3,Life Sciences,1,1005,4.0,Male,95,3,4,Manufacturing Director,3.0,Married,13973.0,4161,3.0,Y,Yes,18,3.0,4,80,1,22.0,2.0,3.0,12.0,11,1,5
38.0,No,Travel_Frequently,1391.0,Research & Development,10,1,Medical,1,1006,3.0,Male,66,3,1,Research Scientist,3.0,Married,2684.0,12127,0.0,Y,No,17,3.0,2,80,1,3.0,0.0,2.0,2.0,1,0,2
46.0,No,Travel_Rarely,566.0,Research & Development,7,2,Medical,1,1007,4.0,Male,75,3,3,Manufacturing Director,3.0,Divorced,10845.0,24208,6.0,Y,No,13,3.0,2,80,1,13.0,3.0,3.0,8.0,7,0,7
24.0,No,Travel_Rarely,1206.0,Research & Development,17,1,Medical,1,1009,4.0,Female,41,2,2,Manufacturing Director,3.0,Divorced,4377.0,24117,1.0,Y,No,15,3.0,2,80,2,5.0,6.0,3.0,4.0,2,3,2
35.0,Yes,Travel_Rarely,622.0,Research & Development,14,4,Other,1,1010,3.0,Male,39,2,1,Laboratory Technician,2.0,Divorced,3743.0,10074,1.0,Y,Yes,24,4.0,4,80,1,5.0,2.0,1.0,4.0,2,0,2
31.0,No,Travel_Frequently,853.0,Research & Development,1,1,Life Sciences,1,1011,3.0,Female,96,3,2,Manufacturing Director,1.0,Married,4148.0,11275,1.0,Y,No,12,3.0,3,80,1,4.0,1.0,3.0,4.0,3,0,3
18.0,No,Non-Travel,287.0,Research & Development,5,2,Life Sciences,1,1012,2.0,Male,73,3,1,Research Scientist,4.0,Single,1338.72,13493,1.0,Y,No,15,3.0,4,80,0,1.0,2.0,3.0,0.0,0,0,0
54.0,No,Travel_Rarely,1441.0,Research & Development,17,3,Technical Degree,1,1013,3.0,Female,56,3,3,Manufacturing Director,3.0,Married,10739.0,13943,8.0,Y,No,11,3.0,3,80,1,22.0,2.0,3.0,10.0,7,0,8
35.0,No,Travel_Rarely,583.0,Research & Development,25,4,Medical,1,1014,3.0,Female,57,3,3,Healthcare Representative,3.0,Divorced,10388.0,6975,1.0,Y,Yes,11,3.0,3,80,1,16.0,3.0,2.0,16.0,10,10,1
30.0,No,Travel_Rarely,153.0,Research & Development,8,2,Life Sciences,1,1015,2.0,Female,73,4,3,Research Director,1.0,Married,11416.0,17802,0.0,Y,Yes,12,3.0,3,80,3,9.0,4.0,2.0,8.0,7,1,7
20.0,Yes,Travel_Rarely,1097.0,Research & Development,11,3,Medical,1,1016,4.0,Female,98,2,1,Research Scientist,1.0,Single,2600.0,18275,1.0,Y,Yes,15,3.0,1,80,0,1.0,2.0,3.0,1.0,0,0,0
30.0,Yes,Travel_Frequently,109.0,Research & Development,5,3,Medical,1,1017,2.0,Female,60,3,1,Laboratory Technician,2.0,Single,2422.0,25725,0.0,Y,No,17,3.0,1,80,0,4.0,3.0,3.0,3.0,2,1,2
26.0,No,Travel_Rarely,1066.0,Research & Development,2,2,Medical,1,1018,4.0,Male,32,4,2,Manufacturing Director,4.0,Married,5472.0,3334,1.0,Y,No,12,3.0,2,80,0,8.0,2.0,3.0,8.0,7,1,3
22.0,No,Travel_Rarely,217.0,Research & Development,8,1,Life Sciences,1,1019,2.0,Male,94,1,1,Laboratory Technician,1.0,Married,2451.0,6881,1.0,Y,No,15,3.0,1,80,1,4.0,3.0,2.0,4.0,3,1,1
48.0,No,Travel_Rarely,277.0,Research & Development,6,3,Life Sciences,1,1022,1.0,Male,97,2,2,Healthcare Representative,3.0,Single,4240.0,13119,2.0,Y,No,13,3.0,4,80,0,19.0,0.0,3.0,2.0,2,2,2
48.0,No,Travel_Rarely,1355.0,Research & Development,4,4,Life Sciences,1,1024,3.0,Male,78,2,3,Healthcare Representative,3.0,Single,10999.0,22245,7.0,Y,No,14,3.0,2,80,0,27.0,3.0,3.0,15.0,11,4,8
41.0,No,Travel_Rarely,549.0,Research & Development,7,2,Medical,1,1025,4.0,Female,42,3,2,Manufacturing Director,3.0,Single,5003.0,23371,6.0,Y,No,14,3.0,2,80,0,8.0,6.0,3.0,2.0,2,2,1
39.0,No,Travel_Rarely,466.0,Research & Development,1,1,Life Sciences,1,1026,4.0,Female,65,2,4,Manufacturing Director,4.0,Married,12742.0,7060,1.0,Y,No,16,3.0,3,80,1,21.0,3.0,3.0,21.0,6,11,8
27.0,No,Travel_Rarely,1055.0,Research & Development,2,4,Life Sciences,1,1027,1.0,Female,47,3,2,Manufacturing Director,4.0,Married,4227.0,4658,0.0,Y,No,18,3.0,2,80,1,4.0,2.0,3.0,3.0,2,2,2
35.0,No,Travel_Rarely,802.0,Research & Development,10,3,Other,1,1028,2.0,Male,45,3,1,Laboratory Technician,4.0,Divorced,3917.0,9541,1.0,Y,No,20,4.0,1,80,1,3.0,4.0,2.0,3.0,2,1,2
42.0,No,Travel_Rarely,265.0,Sales,5,2,Marketing,1,1029,4.0,Male,90,3,5,Manager,3.0,Married,16536.0,7770,6.0,Y,No,13,3.0,2,80,0,21.0,3.0,4.0,1.0,0,0,0
50.0,No,Travel_Rarely,804.0,Research & Development,9,3,Life Sciences,1,1030,1.0,Male,64,3,1,Laboratory Technician,4.0,Married,2380.0,20165,4.0,Y,No,18,3.0,2,80,0,8.0,5.0,3.0,1.0,0,0,0
59.0,No,Travel_Rarely,715.0,Research & Development,2,3,Life Sciences,1,1032,3.0,Female,69,2,4,Manufacturing Director,4.0,Single,13726.0,21829,3.0,Y,Yes,13,3.0,1,80,0,28.5,4.0,3.0,5.0,3,4,3
37.0,Yes,Travel_Rarely,1141.0,Research & Development,11,2,Medical,1,1033,1.0,Female,61,1,2,Healthcare Representative,2.0,Married,4777.0,14382,5.0,Y,No,15,3.0,1,80,0,15.0,2.0,1.0,1.0,0,0,0
55.0,No,Travel_Frequently,135.0,Research & Development,18,4,Medical,1,1034,3.0,Male,62,3,2,Healthcare Representative,2.0,Married,6385.0,12992,3.0,Y,Yes,14,3.0,4,80,2,17.0,3.0,3.0,8.0,7,6,7
41.0,No,Non-Travel,247.0,Research & Development,7,1,Life Sciences,1,1035,2.0,Female,55,1,5,Research Director,3.0,Divorced,16536.0,20284,1.0,Y,No,22,4.0,2,80,2,21.0,3.0,3.0,21.0,16,5,10
38.0,No,Travel_Rarely,1035.0,Sales,3,4,Life Sciences,1,1036,2.0,Male,42,3,2,Sales Executive,4.0,Single,6861.0,4981,8.0,Y,Yes,12,3.0,3,80,0,19.0,1.0,3.0,1.0,0,0,0
26.0,Yes,Non-Travel,265.0,Sales,29,2,Medical,1,1037,2.0,Male,79,1,2,Sales Executive,1.0,Single,4969.0,21813,8.0,Y,No,18,3.0,4,80,0,7.0,6.0,3.0,2.0,2,2,2
52.0,Yes,Travel_Rarely,266.0,Sales,2,1,Marketing,1,1038,1.0,Female,57,1,5,Manager,4.0,Married,16536.0,25846,1.0,Y,No,15,3.0,4,80,1,28.5,3.0,3.0,31.0,14,6,9
44.0,No,Travel_Rarely,1448.0,Sales,28,3,Medical,1,1039,4.0,Female,53,4,4,Sales Executive,4.0,Married,13320.0,11737,3.0,Y,Yes,18,3.0,3,80,1,23.0,2.0,3.0,12.0,11,11,11
50.0,No,Non-Travel,145.0,Sales,1,3,Life Sciences,1,1040,4.0,Female,95,3,2,Sales Executive,3.0,Married,6347.0,24920,0.0,Y,No,12,3.0,1,80,1,19.0,3.0,3.0,18.0,7,0,13
36.0,Yes,Travel_Rarely,885.0,Research & Development,16,4,Life Sciences,1,1042,3.0,Female,43,4,1,Laboratory Technician,1.0,Single,2743.0,8269,1.0,Y,No,16,3.0,3,80,0,18.0,1.0,3.0,17.0,13,15,14
39.0,No,Travel_Frequently,945.0,Research & Development,22,3,Medical,1,1043,4.0,Female,82,3,3,Manufacturing Director,1.0,Single,10880.0,5083,1.0,Y,Yes,13,3.0,3,80,0,21.0,2.0,3.0,21.0,6,2,8
33.0,No,Non-Travel,1038.0,Sales,8,1,Life Sciences,1,1044,2.0,Female,88,2,1,Sales Representative,4.0,Single,2342.0,21437,0.0,Y,No,19,3.0,4,80,0,3.0,2.0,2.0,2.0,2,2,2
45.0,No,Travel_Rarely,1234.0,Sales,11,2,Life Sciences,1,1045,4.0,Female,90,3,4,Manager,4.0,Married,16536.0,5404,3.0,Y,No,13,3.0,2,80,1,26.0,4.0,4.0,9.0,3,1,1
32.0,No,Non-Travel,1109.0,Research & Development,29,4,Medical,1,1046,4.0,Female,69,3,1,Laboratory Technician,3.0,Single,4025.0,11135,9.0,Y,No,12,3.0,2,80,0,10.0,2.0,3.0,8.0,7,7,7
34.0,No,Travel_Rarely,216.0,Sales,1,4,Marketing,1,1047,2.0,Male,75,4,2,Sales Executive,4.0,Divorced,9725.0,12278,0.0,Y,No,11,3.0,4,80,1,16.0,2.0,2.0,15.0,1,0,9
59.0,No,Travel_Rarely,1089.0,Sales,1,2,Technical Degree,1,1048,2.0,Male,66,3,3,Manager,4.0,Married,11904.0,11038,3.0,Y,Yes,14,3.0,3,80,1,14.0,1.0,1.0,6.0,4,0,4
45.0,No,Travel_Rarely,788.0,Human Resources,24,4,Medical,1,1049,2.0,Male,36,3,1,Human Resources,2.0,Single,2177.0,8318,1.0,Y,No,16,3.0,1,80,0,6.0,3.0,3.0,6.0,3,0,4
53.0,No,Travel_Frequently,124.0,Sales,2,3,Marketing,1,1050,3.0,Female,38,2,3,Sales Executive,2.0,Married,7525.0,23537,2.0,Y,No,12,3.0,1,80,1,28.5,2.0,3.0,15.0,7,6,12
36.0,Yes,Travel_Rarely,660.0,Research & Development,15,3,Other,1,1052,1.0,Male,81,3,2,Laboratory Technician,3.0,Divorced,4834.0,7858,7.0,Y,No,14,3.0,2,80,1,9.0,3.0,2.0,1.0,0,0,0
26.0,Yes,Travel_Frequently,342.0,Research & Development,2,3,Life Sciences,1,1053,1.0,Male,57,3,1,Research Scientist,1.0,Married,2042.0,15346,6.0,Y,Yes,14,3.0,2,80,1,6.0,2.0,3.0,3.0,2,1,2
34.0,No,Travel_Rarely,1333.0,Sales,10,4,Life Sciences,1,1055,3.0,Female,87,3,1,Sales Representative,3.0,Married,2220.0,18410,1.0,Y,Yes,19,3.0,4,80,1,1.0,2.0,3.0,1.0,1,0,0
28.0,No,Travel_Rarely,1144.0,Sales,10,1,Medical,1,1056,4.0,Male,74,3,1,Sales Representative,2.0,Married,1338.72,23384,1.0,Y,No,22,4.0,2,80,0,1.0,5.0,3.0,1.0,0,0,0
38.0,No,Travel_Frequently,1186.0,Research & Development,3,4,Other,1,1060,3.0,Male,44,3,1,Research Scientist,3.0,Married,2821.0,2997,3.0,Y,No,16,3.0,1,80,1,8.0,2.0,3.0,2.0,2,2,2
50.0,No,Travel_Rarely,1464.0,Research & Development,2,4,Medical,1,1061,2.0,Male,62,3,5,Research Director,3.0,Married,16536.0,12853,2.0,Y,Yes,11,3.0,4,80,1,28.5,2.0,2.0,8.0,1,7,7
37.0,No,Travel_Rarely,124.0,Research & Development,3,3,Other,1,1062,4.0,Female,35,3,2,Healthcare Representative,2.0,Single,4107.0,13848,3.0,Y,No,15,3.0,1,80,0,8.0,3.0,2.0,4.0,3,0,1
40.0,No,Travel_Rarely,300.0,Sales,26,3,Marketing,1,1066,3.0,Male,74,3,2,Sales Executive,1.0,Married,8396.0,22217,1.0,Y,No,14,3.0,2,80,1,8.0,3.0,2.0,7.0,7,7,5
26.0,No,Travel_Frequently,921.0,Research & Development,1,1,Medical,1,1068,1.0,Female,66,2,1,Research Scientist,3.0,Divorced,2007.0,25265,1.0,Y,No,13,3.0,3,80,2,5.0,5.0,3.0,5.0,3,1,3
46.0,No,Travel_Rarely,430.0,Research & Development,1,4,Medical,1,1069,4.0,Male,40,3,5,Research Director,4.0,Divorced,16536.0,21445,9.0,Y,No,17,3.0,4,80,2,23.0,0.0,3.0,2.0,2,2,2
54.0,No,Travel_Rarely,1082.0,Sales,2,4,Life Sciences,1,1070,3.0,Female,41,2,3,Sales Executive,3.0,Married,10686.0,8392,6.0,Y,No,11,3.0,2,80,1,13.0,4.0,3.0,9.0,4,7,0
56.0,No,Travel_Frequently,1240.0,Research & Development,9,3,Medical,1,1071,1.0,Female,63,3,1,Research Scientist,3.0,Married,2942.0,12154,2.0,Y,No,19,3.0,2,80,1,18.0,4.0,3.0,5.0,4,0,3
36.0,No,Travel_Rarely,796.0,Research & Development,12,5,Medical,1,1073,4.0,Female,51,2,3,Manufacturing Director,4.0,Single,8858.0,15669,0.0,Y,No,11,3.0,2,80,0,15.0,2.0,2.0,14.0,8,7,8
55.0,No,Non-Travel,444.0,Research & Development,2,1,Medical,1,1074,3.0,Male,40,2,4,Manager,1.0,Single,16536.0,17323,7.0,Y,No,15,3.0,2,80,0,28.5,3.0,4.0,9.0,7,6,2
43.0,No,Travel_Rarely,415.0,Sales,25,3,Medical,1,1076,3.0,Male,79,2,3,Sales Executive,4.0,Divorced,10798.0,5268,5.0,Y,No,13,3.0,3,80,1,18.0,5.0,3.0,1.0,0,0,0
20.0,Yes,Travel_Frequently,769.0,Sales,9,3,Marketing,1,1077,4.0,Female,54,3,1,Sales Representative,4.0,Single,2323.0,17205,1.0,Y,Yes,14,3.0,2,80,0,2.0,3.0,3.0,2.0,2,0,2
21.0,Yes,Travel_Rarely,1334.0,Research & Development,10,3,Life Sciences,1,1079,3.0,Female,36,2,1,Laboratory Technician,1.0,Single,1416.0,17258,1.0,Y,No,13,3.0,1,80,0,1.0,6.0,2.0,1.0,0,1,0
46.0,No,Travel_Rarely,1003.0,Research & Development,8,4,Life Sciences,1,1080,4.0,Female,74,2,2,Research Scientist,1.0,Divorced,4615.0,21029,8.0,Y,Yes,23,4.0,1,80,3,19.0,2.0,3.0,16.0,13,1,7
51.0,Yes,Travel_Rarely,1323.0,Research & Development,4,4,Life Sciences,1,1081,1.0,Male,34,3,1,Research Scientist,3.0,Married,2461.0,10332,9.0,Y,Yes,12,3.0,3,80,3,18.0,2.0,4.0,10.0,0,2,7
28.0,Yes,Non-Travel,1366.0,Research & Development,24,2,Technical Degree,1,1082,2.0,Male,72,2,3,Healthcare Representative,1.0,Single,8722.0,12355,1.0,Y,No,12,3.0,1,80,0,10.0,2.0,2.0,10.0,7,1,9
26.0,No,Travel_Rarely,192.0,Research & Development,1,2,Medical,1,1083,1.0,Male,59,2,1,Laboratory Technician,1.0,Married,3955.0,11141,1.0,Y,No,16,3.0,1,80,2,6.0,2.0,3.0,5.0,3,1,3
30.0,No,Travel_Rarely,1176.0,Research & Development,20,3,Other,1,1084,3.0,Male,85,3,2,Manufacturing Director,1.0,Married,9957.0,9096,0.0,Y,No,15,3.0,3,80,1,7.0,1.0,2.0,6.0,2,0,2
41.0,No,Travel_Rarely,509.0,Research & Development,7,2,Technical Degree,1,1085,2.0,Female,43,4,1,Research Scientist,3.0,Married,3376.0,18863,1.0,Y,No,13,3.0,3,80,0,10.0,3.0,3.0,10.0,6,0,8
38.0,No,Travel_Rarely,330.0,Research & Development,17,1,Life Sciences,1,1088,3.0,Female,65,2,3,Healthcare Representative,3.0,Married,8823.0,24608,0.0,Y,No,18,3.0,1,80,1,20.0,4.0,2.0,19.0,9,1,9
40.0,No,Travel_Rarely,1492.0,Research & Development,20,4,Technical Degree,1,1092,1.0,Male,61,3,3,Healthcare Representative,4.0,Married,10322.0,26542,4.0,Y,No,20,4.0,4,80,1,14.0,6.0,3.0,11.0,10,11,1
27.0,No,Non-Travel,1277.0,Research & Development,8,5,Life Sciences,1,1094,1.0,Male,87,1,1,Laboratory Technician,3.0,Married,4621.0,5869,1.0,Y,No,19,3.0,4,80,3,3.0,4.0,3.0,3.0,2,1,2
55.0,No,Travel_Frequently,1091.0,Research & Development,2,1,Life Sciences,1,1096,4.0,Male,65,3,3,Manufacturing Director,2.0,Married,10976.0,15813,3.0,Y,No,18,3.0,2,80,1,23.0,4.0,3.0,3.0,2,1,2
28.0,No,Travel_Rarely,857.0,Research & Development,10,3,Other,1,1097,3.0,Female,59,3,2,Research Scientist,3.0,Single,3660.0,7909,3.0,Y,No,13,3.0,4,80,0,10.0,4.0,4.0,8.0,7,1,7
44.0,Yes,Travel_Rarely,1376.0,Human Resources,1,2,Medical,1,1098,2.0,Male,91,2,3,Human Resources,1.0,Married,10482.0,2326,9.0,Y,No,14,3.0,4,80,1,24.0,1.0,3.0,20.0,6,3,6
33.0,No,Travel_Rarely,654.0,Research & Development,5,3,Life Sciences,1,1099,4.0,Male,34,2,3,Healthcare Representative,4.0,Divorced,7119.0,21214,4.0,Y,No,15,3.0,3,80,1,9.0,2.0,3.0,3.0,2,1,2
35.0,Yes,Travel_Rarely,1204.0,Sales,4,3,Technical Degree,1,1100,4.0,Male,86,3,3,Sales Executive,1.0,Single,9582.0,10333,0.0,Y,Yes,22,4.0,1,80,0,9.0,2.0,3.0,8.0,7,4,7
33.0,Yes,Travel_Frequently,827.0,Research & Development,29,4,Medical,1,1101,1.0,Female,54,2,2,Research Scientist,3.0,Single,4508.0,3129,1.0,Y,No,22,4.0,2,80,0,14.0,4.0,3.0,13.0,7,3,8
28.0,No,Travel_Rarely,895.0,Research & Development,15,2,Life Sciences,1,1102,1.0,Male,50,3,1,Laboratory Technician,3.0,Divorced,2207.0,22482,1.0,Y,No,16,3.0,4,80,1,4.0,5.0,2.0,4.0,2,2,2
34.0,No,Travel_Frequently,618.0,Research & Development,3,1,Life Sciences,1,1103,1.0,Male,45,3,2,Healthcare Representative,4.0,Single,7756.0,22266,0.0,Y,No,17,3.0,3,80,0,7.0,1.0,2.0,6.0,2,0,4
37.0,No,Travel_Rarely,309.0,Sales,10,4,Life Sciences,1,1105,4.0,Female,88,2,2,Sales Executive,4.0,Divorced,6694.0,24223,2.0,Y,Yes,14,3.0,3,80,3,8.0,5.0,3.0,1.0,0,0,0
25.0,Yes,Travel_Rarely,1219.0,Research & Development,4,1,Technical Degree,1,1106,4.0,Male,32,3,1,Laboratory Technician,4.0,Married,3691.0,4605,1.0,Y,Yes,15,3.0,2,80,1,7.0,3.0,4.0,7.0,7,5,6
26.0,Yes,Travel_Rarely,1330.0,Research & Development,21,3,Medical,1,1107,1.0,Male,37,3,1,Laboratory Technician,3.0,Divorced,2377.0,19373,1.0,Y,No,20,4.0,3,80,1,1.0,0.0,2.0,1.0,1,0,0
33.0,Yes,Travel_Rarely,1017.0,Research & Development,25,3,Medical,1,1108,1.0,Male,55,2,1,Research Scientist,2.0,Single,2313.0,2993,4.0,Y,Yes,20,4.0,2,80,0,5.0,0.0,3.0,2.0,2,2,2
42.0,No,Travel_Rarely,469.0,Research & Development,2,2,Medical,1,1109,4.0,Male,35,3,4,Manager,1.0,Married,16536.0,14399,0.0,Y,No,17,3.0,4,80,1,23.0,3.0,3.0,22.0,6,13,7
28.0,Yes,Travel_Frequently,1009.0,Research & Development,1,3,Medical,1,1111,1.0,Male,45,2,1,Laboratory Technician,2.0,Divorced,2596.0,7160,1.0,Y,No,15,3.0,1,80,2,1.0,2.0,3.0,1.0,0,0,0
50.0,Yes,Travel_Frequently,959.0,Sales,1,4,Other,1,1113,4.0,Male,81,3,2,Sales Executive,3.0,Single,4728.0,17251,3.0,Y,Yes,14,3.0,4,80,0,5.0,4.0,3.0,0.0,0,0,0
33.0,No,Travel_Frequently,970.0,Sales,7,3,Life Sciences,1,1114,4.0,Female,30,3,2,Sales Executive,2.0,Married,4302.0,13401,0.0,Y,No,17,3.0,3,80,1,4.0,3.0,3.0,3.0,2,0,2
34.0,No,Non-Travel,697.0,Research & Development,3,4,Life Sciences,1,1115,3.0,Male,40,2,1,Research Scientist,4.0,Married,2979.0,22478,3.0,Y,No,17,3.0,4,80,3,6.0,2.0,3.0,0.0,0,0,0
48.0,No,Non-Travel,1262.0,Research & Development,1,4,Medical,1,1116,1.0,Male,35,4,4,Manager,4.0,Single,16536.0,16154,2.0,Y,No,22,4.0,3,80,0,27.0,3.0,2.0,5.0,4,2,1
45.0,No,Non-Travel,1050.0,Sales,9,4,Life Sciences,1,1117,2.0,Female,65,2,2,Sales Executive,3.0,Married,5593.0,17970,1.0,Y,No,13,3.0,4,80,1,15.0,2.0,3.0,15.0,10,4,12
52.0,No,Travel_Rarely,994.0,Research & Development,7,4,Life Sciences,1,1118,2.0,Male,87,3,3,Healthcare Representative,2.0,Single,10445.0,15322,7.0,Y,No,19,3.0,4,80,0,18.0,4.0,3.0,8.0,6,4,0
38.0,No,Travel_Rarely,770.0,Sales,10,4,Marketing,1,1119,3.0,Male,73,2,3,Sales Executive,3.0,Divorced,8740.0,5569,0.0,Y,Yes,14,3.0,2,80,2,9.0,2.0,3.0,8.0,7,2,7
29.0,No,Travel_Rarely,1107.0,Research & Development,28,4,Life Sciences,1,1120,3.0,Female,93,3,1,Research Scientist,4.0,Divorced,2514.0,26968,4.0,Y,No,22,4.0,1,80,1,11.0,1.0,3.0,7.0,5,1,7
28.0,No,Travel_Rarely,950.0,Research & Development,3,3,Medical,1,1121,4.0,Female,93,3,3,Manufacturing Director,2.0,Divorced,7655.0,8039,0.0,Y,No,17,3.0,2,80,3,10.0,3.0,2.0,9.0,7,1,7
46.0,No,Travel_Rarely,406.0,Sales,3,1,Marketing,1,1124,1.0,Male,52,3,4,Manager,3.0,Married,16536.0,15596,3.0,Y,No,12,3.0,4,80,1,23.0,3.0,3.0,12.0,9,4,9
38.0,No,Travel_Rarely,130.0,Sales,2,2,Marketing,1,1125,4.0,Male,32,3,3,Sales Executive,2.0,Single,7351.0,20619,7.0,Y,No,16,3.0,3,80,0,10.0,2.0,3.0,1.0,0,0,0
43.0,No,Travel_Frequently,1082.0,Research & Development,27,3,Life Sciences,1,1126,3.0,Female,83,3,3,Manufacturing Director,1.0,Married,10820.0,11535,8.0,Y,No,11,3.0,3,80,1,18.0,1.0,3.0,8.0,7,0,1
39.0,Yes,Travel_Frequently,203.0,Research & Development,2,3,Life Sciences,1,1127,1.0,Male,84,3,4,Healthcare Representative,4.0,Divorced,12169.0,13547,7.0,Y,No,11,3.0,4,80,3,21.0,4.0,3.0,18.0,7,11,5
40.0,No,Travel_Rarely,1308.0,Research & Development,14,3,Medical,1,1128,3.0,Male,44,2,5,Research Director,3.0,Single,16536.0,17544,1.0,Y,No,14,3.0,1,80,0,21.0,2.0,4.0,20.0,7,4,9
21.0,No,Travel_Rarely,984.0,Research & Development,1,1,Technical Degree,1,1131,4.0,Female,70,2,1,Research Scientist,2.0,Single,2070.0,25326,1.0,Y,Yes,11,3.0,3,80,0,2.0,6.0,4.0,2.0,2,2,2
39.0,No,Non-Travel,439.0,Research & Development,9,3,Life Sciences,1,1132,3.0,Male,70,3,2,Laboratory Technician,2.0,Single,6782.0,8770,9.0,Y,No,15,3.0,3,80,0,9.0,2.0,2.0,5.0,4,0,3
36.0,No,Non-Travel,217.0,Research & Development,18,4,Life Sciences,1,1133,1.0,Male,78,3,2,Manufacturing Director,4.0,Single,7779.0,23238,2.0,Y,No,20,4.0,1,80,0,18.0,0.0,3.0,11.0,9,0,9
31.0,No,Travel_Frequently,793.0,Sales,20,3,Life Sciences,1,1135,3.0,Male,67,4,1,Sales Representative,4.0,Married,2791.0,21981,0.0,Y,No,12,3.0,1,80,1,3.0,4.0,3.0,2.0,2,2,2
28.0,No,Travel_Rarely,1451.0,Research & Development,2,1,Life Sciences,1,1136,1.0,Male,67,2,1,Research Scientist,2.0,Married,3201.0,19911,0.0,Y,No,17,3.0,1,80,0,6.0,2.0,1.0,5.0,3,0,4
35.0,No,Travel_Frequently,1182.0,Sales,11,2,Marketing,1,1137,4.0,Male,54,3,2,Sales Executive,4.0,Divorced,4968.0,18500,1.0,Y,No,11,3.0,4,80,1,5.0,3.0,3.0,5.0,2,0,2
49.0,No,Travel_Rarely,174.0,Sales,8,4,Technical Degree,1,1138,4.0,Male,56,2,4,Sales Executive,2.0,Married,13120.0,11879,6.0,Y,No,17,3.0,2,80,1,22.0,3.0,3.0,9.0,8,2,3
34.0,No,Travel_Frequently,1003.0,Research & Development,2,2,Life Sciences,1,1140,4.0,Male,95,3,2,Manufacturing Director,3.0,Single,4033.0,15834,2.0,Y,No,11,3.0,4,80,0,5.0,3.0,2.0,3.0,2,0,2
29.0,No,Travel_Frequently,490.0,Research & Development,10,3,Life Sciences,1,1143,4.0,Female,61,3,1,Research Scientist,2.0,Divorced,3291.0,17940,0.0,Y,No,14,3.0,4,80,2,8.0,2.0,2.0,7.0,5,1,1
42.0,No,Travel_Rarely,188.0,Research & Development,29,3,Medical,1,1148,2.0,Male,56,1,2,Laboratory Technician,4.0,Single,4272.0,9558,4.0,Y,No,19,3.0,1,80,0,16.0,3.0,3.0,1.0,0,0,0
29.0,No,Travel_Rarely,718.0,Research & Development,8,1,Medical,1,1150,2.0,Male,79,2,2,Manufacturing Director,4.0,Married,5056.0,17689,1.0,Y,Yes,15,3.0,3,80,1,10.0,2.0,2.0,10.0,7,1,2
38.0,No,Travel_Rarely,433.0,Human Resources,1,3,Human Resources,1,1152,3.0,Male,37,4,1,Human Resources,3.0,Married,2844.0,6004,1.0,Y,No,13,3.0,4,80,1,7.0,2.0,4.0,7.0,6,5,0
28.0,No,Travel_Frequently,773.0,Research & Development,6,3,Life Sciences,1,1154,3.0,Male,39,2,1,Research Scientist,3.0,Divorced,2703.0,22088,1.0,Y,Yes,14,3.0,4,80,1,3.0,2.0,3.0,3.0,1,0,2
18.0,Yes,Non-Travel,247.0,Research & Development,8,1,Medical,1,1156,3.0,Male,80,3,1,Laboratory Technician,3.0,Single,1904.0,13556,1.0,Y,No,12,3.0,4,80,0,1.0,0.0,3.0,0.0,0,0,0
33.0,Yes,Travel_Rarely,603.0,Sales,9,4,Marketing,1,1157,1.0,Female,77,3,2,Sales Executive,1.0,Single,8224.0,18385,0.0,Y,Yes,17,3.0,1,80,0,6.0,3.0,3.0,5.0,2,0,3
41.0,No,Travel_Rarely,167.0,Research & Development,12,4,Life Sciences,1,1158,2.0,Male,46,3,1,Laboratory Technician,4.0,Married,4766.0,9051,3.0,Y,Yes,11,3.0,1,80,1,6.0,4.0,3.0,1.0,0,0,0
31.0,Yes,Travel_Frequently,874.0,Research & Development,15,3,Medical,1,1160,3.0,Male,72,3,1,Laboratory Technician,3.0,Married,2610.0,6233,1.0,Y,No,12,3.0,3,80,1,2.0,5.0,2.0,2.0,2,2,2
37.0,No,Travel_Rarely,367.0,Research & Development,25,2,Medical,1,1161,3.0,Female,52,2,2,Healthcare Representative,4.0,Divorced,5731.0,17171,7.0,Y,No,13,3.0,3,80,2,9.0,2.0,3.0,6.0,2,1,3
27.0,No,Travel_Rarely,199.0,Research & Development,6,3,Life Sciences,1,1162,4.0,Male,55,2,1,Research Scientist,3.0,Married,2539.0,7950,1.0,Y,No,13,3.0,3,80,1,4.0,0.0,3.0,4.0,2,2,2
34.0,No,Travel_Rarely,1400.0,Sales,9,1,Life Sciences,1,1163,2.0,Female,70,3,2,Sales Executive,3.0,Married,5714.0,5829,1.0,Y,No,20,4.0,1,80,0,6.0,3.0,2.0,6.0,5,1,3
35.0,No,Travel_Rarely,528.0,Human Resources,8,4,Technical Degree,1,1164,3.0,Male,100,3,1,Human Resources,3.0,Single,4323.0,7108,1.0,Y,No,17,3.0,2,80,0,6.0,2.0,1.0,5.0,4,1,4
29.0,Yes,Travel_Rarely,408.0,Sales,23,1,Life Sciences,1,1165,4.0,Female,45,2,3,Sales Executive,1.0,Married,7336.0,11162,1.0,Y,No,13,3.0,1,80,1,11.0,3.0,1.0,11.0,8,3,10
40.0,No,Travel_Frequently,593.0,Research & Development,9,4,Medical,1,1166,2.0,Female,88,3,3,Research Director,3.0,Single,13499.0,13782,9.0,Y,No,17,3.0,3,80,0,20.0,3.0,2.0,18.0,7,2,13
42.0,Yes,Travel_Frequently,481.0,Sales,12,3,Life Sciences,1,1167,3.0,Male,44,3,4,Sales Executive,1.0,Single,13758.0,2447,0.0,Y,Yes,12,3.0,2,80,0,22.0,2.0,2.0,21.0,9,13,14
42.0,No,Travel_Rarely,647.0,Sales,4,4,Marketing,1,1171,2.0,Male,45,3,2,Sales Executive,1.0,Single,5155.0,2253,7.0,Y,No,13,3.0,4,80,0,9.0,3.0,4.0,6.0,4,1,5
35.0,No,Travel_Rarely,982.0,Research & Development,1,4,Medical,1,1172,4.0,Male,58,2,1,Laboratory Technician,3.0,Married,2258.0,16340,6.0,Y,No,12,3.0,2,80,1,10.0,2.0,3.0,8.0,0,1,7
24.0,No,Travel_Rarely,477.0,Research & Development,24,3,Medical,1,1173,4.0,Male,49,3,1,Laboratory Technician,2.0,Single,3597.0,6409,8.0,Y,No,22,4.0,4,80,0,6.0,2.0,3.0,4.0,3,1,2
28.0,Yes,Travel_Rarely,1485.0,Research & Development,12,1,Life Sciences,1,1175,3.0,Female,79,3,1,Laboratory Technician,4.0,Married,2515.0,22955,1.0,Y,Yes,11,3.0,4,80,0,1.0,4.0,2.0,1.0,1,0,0
26.0,No,Travel_Rarely,1384.0,Research & Development,3,4,Medical,1,1177,1.0,Male,82,4,1,Laboratory Technician,4.0,Married,4420.0,13421,1.0,Y,No,22,4.0,2,80,1,8.0,2.0,3.0,8.0,7,0,7
30.0,No,Travel_Rarely,852.0,Sales,10,3,Marketing,1,1179,3.0,Male,72,2,2,Sales Executive,3.0,Married,6578.0,2706,1.0,Y,No,18,3.0,1,80,1,10.0,3.0,3.0,10.0,3,1,4
40.0,No,Travel_Frequently,902.0,Research & Development,26,2,Medical,1,1180,3.0,Female,92,2,2,Research Scientist,4.0,Married,4422.0,21203,3.0,Y,Yes,13,3.0,4,80,1,16.0,3.0,1.0,1.0,1,0,0
35.0,No,Travel_Rarely,819.0,Research & Development,2,3,Life Sciences,1,1182,3.0,Male,44,2,3,Manufacturing Director,2.0,Divorced,10274.0,19588,2.0,Y,No,18,3.0,2,80,1,15.0,2.0,4.0,7.0,7,6,4
34.0,No,Travel_Frequently,669.0,Research & Development,1,3,Medical,1,1184,4.0,Male,97,2,2,Healthcare Representative,1.0,Single,5343.0,25755,0.0,Y,No,20,4.0,3,80,0,14.0,3.0,3.0,13.0,9,4,9
35.0,No,Travel_Frequently,636.0,Research & Development,4,4,Other,1,1185,4.0,Male,47,2,1,Laboratory Technician,4.0,Married,2376.0,26537,1.0,Y,No,13,3.0,2,80,1,2.0,2.0,4.0,2.0,2,2,2
43.0,Yes,Travel_Rarely,1372.0,Sales,9,3,Marketing,1,1188,1.0,Female,85,1,2,Sales Executive,3.0,Single,5346.0,9489,8.0,Y,No,13,3.0,2,80,0,7.0,2.0,2.0,4.0,3,1,3
32.0,No,Non-Travel,862.0,Sales,2,1,Life Sciences,1,1190,3.0,Female,76,3,1,Sales Representative,1.0,Divorced,2827.0,14947,1.0,Y,No,12,3.0,3,80,3,1.0,3.0,3.0,1.0,0,0,0
56.0,No,Travel_Rarely,718.0,Research & Development,4,4,Technical Degree,1,1191,4.0,Female,92,3,5,Manager,1.0,Divorced,16536.0,18575,4.0,Y,No,13,3.0,4,80,1,28.0,2.0,3.0,5.0,2,4,2
29.0,No,Travel_Rarely,1401.0,Research & Development,6,1,Medical,1,1192,2.0,Female,54,3,1,Laboratory Technician,4.0,Married,3131.0,26342,1.0,Y,No,13,3.0,1,80,1,10.0,5.0,3.0,10.0,8,0,8
19.0,No,Travel_Rarely,645.0,Research & Development,9,2,Life Sciences,1,1193,3.0,Male,54,3,1,Research Scientist,1.0,Single,2552.0,7172,1.0,Y,No,25,4.0,3,80,0,1.0,4.0,3.0,1.0,1,0,0
45.0,No,Travel_Rarely,1457.0,Research & Development,7,3,Medical,1,1195,1.0,Female,83,3,1,Research Scientist,3.0,Married,4477.0,20100,4.0,Y,Yes,19,3.0,3,80,1,7.0,2.0,2.0,3.0,2,0,2
37.0,No,Travel_Rarely,977.0,Research & Development,1,3,Life Sciences,1,1196,4.0,Female,56,2,2,Manufacturing Director,4.0,Married,6474.0,9961,1.0,Y,No,13,3.0,2,80,1,14.0,2.0,2.0,14.0,8,3,11
20.0,No,Travel_Rarely,805.0,Research & Development,3,3,Life Sciences,1,1198,1.0,Male,87,2,1,Laboratory Technician,3.0,Single,3033.0,12828,1.0,Y,No,12,3.0,1,80,0,2.0,2.0,2.0,2.0,2,1,2
44.0,Yes,Travel_Rarely,1097.0,Research & Development,10,4,Life Sciences,1,1200,3.0,Male,96,3,1,Research Scientist,3.0,Single,2936.0,10826,1.0,Y,Yes,11,3.0,3,80,0,6.0,4.0,3.0,6.0,4,0,2
53.0,No,Travel_Rarely,1223.0,Research & Development,7,2,Medical,1,1201,4.0,Female,50,3,5,Manager,3.0,Divorced,16536.0,18640,3.0,Y,No,18,3.0,2,80,1,26.0,6.0,3.0,7.0,7,4,7
29.0,No,Travel_Rarely,942.0,Research & Development,15,1,Life Sciences,1,1202,2.0,Female,69,1,1,Research Scientist,4.0,Married,2168.0,26933,0.0,Y,Yes,18,3.0,1,80,1,6.0,2.0,2.0,5.0,4,1,3
22.0,Yes,Travel_Frequently,1256.0,Research & Development,3,4,Life Sciences,1,1203,3.0,Male,48,2,1,Research Scientist,4.0,Married,2853.0,4223,0.0,Y,Yes,11,3.0,2,80,1,1.0,5.0,3.0,0.0,0,0,0
46.0,No,Travel_Rarely,1402.0,Sales,2,3,Marketing,1,1204,3.0,Female,69,3,4,Manager,1.0,Married,16536.0,24097,8.0,Y,No,23,4.0,1,80,0,28.0,2.0,3.0,26.0,15,15,9
44.0,No,Non-Travel,111.0,Research & Development,17,3,Life Sciences,1,1206,4.0,Male,74,1,1,Research Scientist,3.0,Single,2290.0,4279,2.0,Y,No,13,3.0,4,80,0,6.0,3.0,3.0,0.0,0,0,0
33.0,No,Travel_Rarely,147.0,Human Resources,2,3,Human Resources,1,1207,2.0,Male,99,3,1,Human Resources,3.0,Married,3600.0,8429,1.0,Y,No,13,3.0,4,80,1,5.0,2.0,3.0,5.0,4,1,4
41.0,Yes,Non-Travel,906.0,Research & Development,5,2,Life Sciences,1,1210,1.0,Male,95,2,1,Research Scientist,1.0,Divorced,2107.0,20293,6.0,Y,No,17,3.0,1,80,1,5.0,2.0,1.0,1.0,0,0,0
30.0,No,Travel_Rarely,1329.0,Sales,29,4,Life Sciences,1,1211,3.0,Male,61,3,2,Sales Executive,1.0,Divorced,4115.0,13192,8.0,Y,No,19,3.0,3,80,3,8.0,3.0,3.0,4.0,3,0,3
40.0,No,Travel_Frequently,1184.0,Sales,2,4,Medical,1,1212,2.0,Male,62,3,2,Sales Executive,2.0,Married,4327.0,25440,5.0,Y,No,12,3.0,4,80,3,5.0,2.0,3.0,0.0,0,0,0
50.0,No,Travel_Frequently,1421.0,Research & Development,2,3,Medical,1,1215,4.0,Female,30,3,4,Manager,1.0,Married,16536.0,9490,2.0,Y,No,22,4.0,3,80,1,28.5,3.0,3.0,2.0,2,2,2
28.0,No,Travel_Rarely,1179.0,Research & Development,19,4,Medical,1,1216,4.0,Male,78,2,1,Laboratory Technician,1.0,Married,3196.0,12449,1.0,Y,No,12,3.0,3,80,3,6.0,2.0,3.0,6.0,5,3,3
46.0,No,Travel_Rarely,1450.0,Research & Development,15,2,Life Sciences,1,1217,4.0,Male,52,3,5,Research Director,2.0,Married,16536.0,10849,5.0,Y,No,11,3.0,1,80,1,25.0,2.0,3.0,4.0,2,0,3
35.0,No,Travel_Rarely,1361.0,Sales,17,4,Life Sciences,1,1218,3.0,Male,94,3,2,Sales Executive,1.0,Married,8966.0,21026,3.0,Y,Yes,15,3.0,4,80,3,15.0,2.0,3.0,7.0,7,1,7
24.0,Yes,Travel_Rarely,984.0,Research & Development,17,2,Life Sciences,1,1219,4.0,Female,97,3,1,Laboratory Technician,2.0,Married,2210.0,3372,1.0,Y,No,13,3.0,1,80,1,1.0,3.0,1.0,1.0,0,0,0
33.0,No,Travel_Frequently,1146.0,Sales,25,3,Medical,1,1220,2.0,Female,82,3,2,Sales Executive,3.0,Married,4539.0,4905,1.0,Y,No,12,3.0,1,80,1,10.0,3.0,2.0,10.0,7,0,1
36.0,No,Travel_Rarely,917.0,Research & Development,6,4,Life Sciences,1,1221,3.0,Male,60,1,1,Laboratory Technician,3.0,Divorced,2741.0,6865,1.0,Y,No,14,3.0,3,80,1,7.0,4.0,3.0,7.0,7,1,7
30.0,No,Travel_Rarely,853.0,Research & Development,7,4,Life Sciences,1,1224,3.0,Male,49,3,2,Laboratory Technician,3.0,Divorced,3491.0,11309,1.0,Y,No,13,3.0,1,80,3,10.0,4.0,2.0,10.0,7,8,9
44.0,No,Travel_Rarely,200.0,Research & Development,29,4,Other,1,1225,4.0,Male,32,3,2,Research Scientist,4.0,Single,4541.0,7744,1.0,Y,No,25,4.0,2,80,0,20.0,3.0,3.0,20.0,11,13,17
20.0,No,Travel_Rarely,654.0,Sales,21,3,Marketing,1,1226,3.0,Male,43,4,1,Sales Representative,4.0,Single,2678.0,5050,1.0,Y,No,17,3.0,4,80,0,2.0,2.0,3.0,2.0,1,2,2
46.0,No,Travel_Rarely,150.0,Research & Development,2,4,Technical Degree,1,1228,4.0,Male,60,3,2,Manufacturing Director,4.0,Divorced,7379.0,17433,2.0,Y,No,11,3.0,3,80,1,12.0,3.0,2.0,6.0,3,1,4
42.0,No,Non-Travel,179.0,Human Resources,2,5,Medical,1,1231,4.0,Male,79,4,2,Human Resources,1.0,Married,6272.0,12858,7.0,Y,No,16,3.0,1,80,1,10.0,3.0,4.0,4.0,3,0,3
60.0,No,Travel_Rarely,696.0,Sales,7,4,Marketing,1,1233,2.0,Male,52,4,2,Sales Executive,4.0,Divorced,5220.0,10893,0.0,Y,Yes,18,3.0,2,80,1,12.0,3.0,3.0,11.0,7,1,9
32.0,No,Travel_Frequently,116.0,Research & Development,13,3,Other,1,1234,3.0,Female,77,2,1,Laboratory Technician,2.0,Married,2743.0,7331,1.0,Y,No,20,4.0,3,80,1,2.0,2.0,3.0,2.0,2,2,2
32.0,No,Travel_Frequently,1316.0,Research & Development,2,2,Life Sciences,1,1235,4.0,Female,38,3,2,Research Scientist,3.0,Single,4998.0,2338,4.0,Y,Yes,14,3.0,4,80,0,10.0,2.0,3.0,8.0,7,0,7
36.0,No,Travel_Rarely,363.0,Research & Development,1,3,Technical Degree,1,1237,3.0,Female,77,1,3,Manufacturing Director,1.0,Divorced,10252.0,4235,2.0,Y,Yes,21,4.0,3,80,1,17.0,2.0,3.0,7.0,7,7,7
33.0,No,Travel_Rarely,117.0,Research & Development,9,3,Medical,1,1238,1.0,Male,60,3,1,Research Scientist,4.0,Married,2781.0,6311,0.0,Y,No,13,3.0,2,80,1,15.0,5.0,3.0,14.0,10,4,10
40.0,No,Travel_Rarely,107.0,Sales,10,3,Technical Degree,1,1239,2.0,Female,84,2,2,Sales Executive,2.0,Divorced,6852.0,11591,7.0,Y,No,12,3.0,2,80,1,7.0,2.0,4.0,5.0,1,1,3
25.0,No,Travel_Rarely,1356.0,Sales,10,4,Life Sciences,1,1240,3.0,Male,57,3,2,Sales Executive,4.0,Single,4950.0,20623,0.0,Y,No,14,3.0,2,80,0,5.0,4.0,3.0,4.0,3,1,1
30.0,No,Travel_Rarely,1465.0,Research & Development,1,3,Medical,1,1241,4.0,Male,63,3,1,Research Scientist,2.0,Married,3579.0,9369,0.0,Y,Yes,21,4.0,1,80,1,12.0,2.0,3.0,11.0,9,5,7
42.0,No,Travel_Frequently,458.0,Research & Development,26,5,Medical,1,1242,1.0,Female,60,3,3,Research Director,1.0,Married,13191.0,23281,3.0,Y,Yes,17,3.0,3,80,0,20.0,6.0,3.0,1.0,0,0,0
35.0,No,Non-Travel,1212.0,Sales,8,2,Marketing,1,1243,3.0,Female,78,2,3,Sales Executive,4.0,Married,10377.0,13755,4.0,Y,Yes,11,3.0,2,80,1,16.0,6.0,2.0,13.0,2,4,12
27.0,No,Travel_Rarely,1103.0,Research & Development,14,3,Life Sciences,1,1244,1.0,Male,42,3,1,Research Scientist,1.0,Married,2235.0,14377,1.0,Y,Yes,14,3.0,4,80,2,9.0,3.0,2.0,9.0,7,6,8
54.0,No,Travel_Frequently,966.0,Research & Development,1,4,Life Sciences,1,1245,4.0,Female,53,3,3,Manufacturing Director,3.0,Divorced,10502.0,9659,7.0,Y,No,17,3.0,1,80,1,28.5,2.0,1.0,5.0,4,1,4
44.0,No,Travel_Rarely,1117.0,Research & Development,2,1,Life Sciences,1,1246,1.0,Female,72,4,1,Research Scientist,4.0,Married,2011.0,19982,1.0,Y,No,13,3.0,4,80,1,10.0,5.0,3.0,10.0,5,7,7
19.0,Yes,Non-Travel,504.0,Research & Development,10,3,Medical,1,1248,1.0,Female,96,2,1,Research Scientist,2.0,Single,1859.0,6148,1.0,Y,Yes,25,4.0,2,80,0,1.0,2.0,4.0,1.0,1,0,0
29.0,No,Travel_Rarely,1010.0,Research & Development,1,3,Life Sciences,1,1249,1.0,Female,97,3,1,Research Scientist,4.0,Divorced,3760.0,5598,1.0,Y,No,15,3.0,1,80,3,3.0,5.0,3.0,3.0,2,1,2
54.0,No,Travel_Rarely,685.0,Research & Development,3,3,Life Sciences,1,1250,4.0,Male,85,3,4,Research Director,4.0,Married,16536.0,23474,3.0,Y,No,14,3.0,1,80,0,28.5,2.0,3.0,10.0,9,0,9
31.0,No,Travel_Rarely,1332.0,Research & Development,11,2,Medical,1,1251,3.0,Male,80,3,2,Healthcare Representative,1.0,Married,6833.0,17089,1.0,Y,Yes,12,3.0,4,80,0,6.0,2.0,2.0,6.0,5,0,1
31.0,No,Travel_Rarely,1062.0,Research & Development,24,3,Medical,1,1252,3.0,Female,96,2,2,Healthcare Representative,1.0,Single,6812.0,17198,1.0,Y,No,19,3.0,2,80,0,10.0,2.0,3.0,10.0,9,1,8
59.0,No,Travel_Rarely,326.0,Sales,3,3,Life Sciences,1,1254,3.0,Female,48,2,2,Sales Executive,4.0,Single,5171.0,16490,5.0,Y,No,17,3.0,4,80,0,13.0,2.0,3.0,6.0,1,0,5
43.0,No,Travel_Rarely,920.0,Research & Development,3,3,Life Sciences,1,1255,3.0,Male,96,1,5,Research Director,4.0,Married,16536.0,18625,3.0,Y,No,14,3.0,2,80,1,25.0,2.0,3.0,8.0,7,0,7
49.0,No,Travel_Rarely,1098.0,Research & Development,4,2,Medical,1,1256,1.0,Male,85,2,5,Manager,3.0,Married,16536.0,12124,2.0,Y,No,13,3.0,3,80,1,23.0,2.0,4.0,1.0,0,0,0
36.0,No,Travel_Frequently,469.0,Research & Development,3,3,Technical Degree,1,1257,3.0,Male,46,3,1,Research Scientist,2.0,Married,3692.0,9256,1.0,Y,No,12,3.0,3,80,0,12.0,2.0,2.0,11.0,10,0,7
48.0,No,Travel_Rarely,969.0,Research & Development,2,2,Technical Degree,1,1258,4.0,Male,76,4,1,Laboratory Technician,2.0,Single,2559.0,16620,5.0,Y,No,11,3.0,3,80,0,7.0,4.0,2.0,1.0,0,0,0
27.0,No,Travel_Rarely,1167.0,Research & Development,4,2,Life Sciences,1,1259,1.0,Male,76,3,1,Research Scientist,3.0,Divorced,2517.0,3208,1.0,Y,No,11,3.0,2,80,3,5.0,2.0,3.0,5.0,3,0,3
29.0,No,Travel_Rarely,1329.0,Research & Development,7,3,Life Sciences,1,1260,3.0,Male,82,3,2,Healthcare Representative,4.0,Divorced,6623.0,4204,1.0,Y,Yes,11,3.0,2,80,2,6.0,2.0,3.0,6.0,0,1,0
48.0,No,Travel_Rarely,715.0,Research & Development,1,3,Life Sciences,1,1263,4.0,Male,76,2,5,Research Director,4.0,Single,16536.0,8733,6.0,Y,No,12,3.0,3,80,0,25.0,3.0,4.0,1.0,0,0,0
29.0,No,Travel_Rarely,694.0,Research & Development,1,3,Life Sciences,1,1264,4.0,Female,87,2,4,Research Director,4.0,Divorced,16124.0,3423,3.0,Y,No,14,3.0,2,80,2,9.0,2.0,2.0,7.0,7,1,7
34.0,No,Travel_Rarely,1320.0,Research & Development,20,3,Technical Degree,1,1265,3.0,Female,89,4,1,Research Scientist,3.0,Married,2585.0,21643,0.0,Y,No,17,3.0,4,80,0,2.0,5.0,2.0,1.0,0,0,0
44.0,No,Travel_Rarely,1099.0,Sales,5,3,Marketing,1,1267,2.0,Male,88,3,5,Manager,2.0,Married,16536.0,8751,7.0,Y,No,11,3.0,3,80,1,26.0,5.0,3.0,22.0,9,3,10
33.0,No,Travel_Rarely,536.0,Sales,10,5,Marketing,1,1268,4.0,Male,82,4,3,Sales Executive,3.0,Divorced,8380.0,21708,0.0,Y,Yes,14,3.0,4,80,2,10.0,3.0,3.0,9.0,8,0,8
19.0,No,Travel_Rarely,265.0,Research & Development,25,3,Life Sciences,1,1269,2.0,Female,57,4,1,Research Scientist,4.0,Single,2994.0,21221,1.0,Y,Yes,12,3.0,4,80,0,1.0,2.0,3.0,1.0,0,0,1
23.0,No,Travel_Rarely,373.0,Research & Development,1,2,Life Sciences,1,1270,4.0,Male,47,3,1,Research Scientist,3.0,Married,1338.72,16901,1.0,Y,No,22,4.0,4,80,1,1.0,2.0,3.0,1.0,0,0,1
25.0,Yes,Travel_Frequently,599.0,Sales,24,1,Life Sciences,1,1273,3.0,Male,73,1,1,Sales Representative,4.0,Single,1338.72,8040,1.0,Y,Yes,14,3.0,4,80,0,1.0,4.0,3.0,1.0,0,1,0
26.0,No,Travel_Rarely,583.0,Research & Development,4,2,Life Sciences,1,1275,3.0,Male,53,3,1,Research Scientist,4.0,Single,2875.0,9973,1.0,Y,Yes,20,4.0,2,80,0,8.0,2.0,2.0,8.0,5,2,2
45.0,Yes,Travel_Rarely,1449.0,Sales,2,3,Marketing,1,1277,1.0,Female,94,1,5,Manager,2.0,Single,16536.0,2493,2.0,Y,Yes,16,3.0,1,80,0,26.0,2.0,3.0,24.0,10,1,11
55.0,No,Non-Travel,177.0,Research & Development,8,1,Medical,1,1278,4.0,Male,37,2,4,Healthcare Representative,2.0,Divorced,13577.0,25592,1.0,Y,Yes,15,3.0,4,80,1,28.5,3.0,3.0,31.0,9,15,0
21.0,Yes,Travel_Frequently,251.0,Research & Development,10,2,Life Sciences,1,1279,1.0,Female,45,2,1,Laboratory Technician,3.0,Single,2625.0,25308,1.0,Y,No,20,4.0,3,80,0,2.0,2.0,1.0,2.0,2,2,2
46.0,No,Travel_Rarely,168.0,Sales,4,2,Marketing,1,1280,4.0,Female,33,2,5,Manager,2.0,Married,16536.0,9946,2.0,Y,No,14,3.0,3,80,1,26.0,2.0,3.0,11.0,4,0,8
34.0,No,Travel_Rarely,131.0,Sales,2,3,Marketing,1,1281,3.0,Female,86,3,2,Sales Executive,1.0,Single,4538.0,6039,0.0,Y,Yes,12,3.0,4,80,0,4.0,3.0,3.0,3.0,2,0,2
51.0,No,Travel_Frequently,237.0,Sales,9,3,Life Sciences,1,1282,4.0,Male,83,3,5,Manager,2.0,Divorced,16536.0,19196,4.0,Y,Yes,24,4.0,1,80,1,28.5,5.0,2.0,29.0,10,11,10
59.0,No,Travel_Rarely,1429.0,Research & Development,18,4,Medical,1,1283,4.0,Male,67,3,3,Manufacturing Director,4.0,Single,10512.0,20002,6.0,Y,No,12,3.0,4,80,0,25.0,6.0,2.0,9.0,7,5,4
34.0,No,Travel_Frequently,135.0,Research & Development,19,3,Medical,1,1285,3.0,Female,46,3,2,Laboratory Technician,2.0,Divorced,4444.0,22534,4.0,Y,No,13,3.0,3,80,2,15.0,2.0,4.0,11.0,8,5,10
28.0,No,Travel_Frequently,791.0,Research & Development,1,4,Medical,1,1286,4.0,Male,44,3,1,Laboratory Technician,3.0,Single,2154.0,6842,0.0,Y,Yes,11,3.0,3,80,0,5.0,2.0,2.0,4.0,2,0,2
44.0,No,Travel_Rarely,1199.0,Research & Development,4,2,Life Sciences,1,1288,3.0,Male,92,4,5,Manager,1.0,Divorced,16536.0,17477,1.0,Y,No,14,3.0,4,80,2,26.0,4.0,2.0,25.0,9,14,13
34.0,No,Travel_Frequently,648.0,Human Resources,11,3,Life Sciences,1,1289,3.0,Male,56,2,2,Human Resources,2.0,Married,4490.0,21833,4.0,Y,No,11,3.0,4,80,2,14.0,5.0,4.0,10.0,9,1,8
35.0,No,Travel_Rarely,735.0,Research & Development,6,1,Life Sciences,1,1291,3.0,Male,66,3,1,Research Scientist,3.0,Married,3506.0,6020,0.0,Y,Yes,14,3.0,4,80,0,4.0,3.0,3.0,3.0,2,2,2
42.0,No,Travel_Rarely,603.0,Research & Development,7,4,Medical,1,1292,2.0,Female,78,4,2,Research Scientist,2.0,Married,2372.0,5628,6.0,Y,Yes,16,3.0,4,80,0,18.0,2.0,3.0,1.0,0,0,0
43.0,No,Travel_Rarely,531.0,Sales,4,4,Marketing,1,1293,4.0,Female,56,2,3,Sales Executive,4.0,Single,10231.0,20364,3.0,Y,No,14,3.0,4,80,0,23.0,3.0,4.0,21.0,7,15,17
36.0,No,Travel_Rarely,429.0,Research & Development,2,4,Life Sciences,1,1294,3.0,Female,53,3,2,Manufacturing Director,2.0,Single,5410.0,2323,9.0,Y,Yes,11,3.0,4,80,0,18.0,2.0,3.0,16.0,14,5,12
44.0,Yes,Travel_Rarely,621.0,Research & Development,15,3,Medical,1,1295,1.0,Female,73,3,3,Healthcare Representative,4.0,Married,7978.0,14075,1.0,Y,No,11,3.0,4,80,1,10.0,2.0,3.0,10.0,7,0,5
28.0,No,Travel_Frequently,193.0,Research & Development,2,3,Life Sciences,1,1296,4.0,Male,52,2,1,Laboratory Technician,4.0,Married,3867.0,14222,1.0,Y,Yes,12,3.0,2,80,1,2.0,2.0,3.0,2.0,2,2,2
51.0,No,Travel_Frequently,968.0,Research & Development,6,2,Medical,1,1297,2.0,Female,40,2,1,Laboratory Technician,3.0,Single,2838.0,4257,0.0,Y,No,14,3.0,2,80,0,8.0,6.0,2.0,7.0,0,7,7
30.0,No,Non-Travel,879.0,Research & Development,9,2,Medical,1,1298,3.0,Female,72,3,2,Manufacturing Director,3.0,Single,4695.0,12858,7.0,Y,Yes,18,3.0,3,80,0,10.0,3.0,3.0,8.0,4,1,7
29.0,Yes,Travel_Rarely,806.0,Research & Development,7,3,Technical Degree,1,1299,2.0,Female,39,3,1,Laboratory Technician,3.0,Divorced,3339.0,17285,3.0,Y,Yes,13,3.0,1,80,2,10.0,2.0,3.0,7.0,7,7,7
28.0,No,Travel_Rarely,640.0,Research & Development,1,3,Technical Degree,1,1301,4.0,Male,84,3,1,Research Scientist,1.0,Single,2080.0,4732,2.0,Y,No,11,3.0,2,80,0,5.0,2.0,2.0,3.0,2,1,2
25.0,No,Travel_Rarely,266.0,Research & Development,1,3,Medical,1,1303,4.0,Female,40,3,1,Research Scientist,2.0,Single,2096.0,18830,1.0,Y,No,18,3.0,4,80,0,2.0,3.0,2.0,2.0,2,2,1
32.0,No,Travel_Rarely,604.0,Sales,8,3,Medical,1,1304,3.0,Male,56,4,2,Sales Executive,4.0,Married,6209.0,11693,1.0,Y,No,15,3.0,3,80,2,10.0,4.0,4.0,10.0,7,0,8
45.0,No,Travel_Frequently,364.0,Research & Development,25,3,Medical,1,1306,2.0,Female,83,3,5,Manager,2.0,Single,16536.0,13035,3.0,Y,No,22,4.0,3,80,0,22.0,4.0,3.0,0.0,0,0,0
39.0,No,Travel_Rarely,412.0,Research & Development,13,4,Medical,1,1307,3.0,Female,94,2,4,Manager,2.0,Divorced,16536.0,17334,6.0,Y,Yes,13,3.0,4,80,2,21.0,4.0,3.0,19.0,9,15,2
58.0,No,Travel_Rarely,848.0,Research & Development,23,4,Life Sciences,1,1308,1.0,Male,88,3,1,Research Scientist,3.0,Divorced,2372.0,26076,1.0,Y,No,12,3.0,4,80,2,2.0,3.0,3.0,2.0,2,2,2
32.0,Yes,Travel_Rarely,1089.0,Research & Development,7,2,Life Sciences,1,1309,4.0,Male,79,3,2,Laboratory Technician,3.0,Married,4883.0,22845,1.0,Y,No,18,3.0,1,80,1,10.0,3.0,3.0,10.0,4,1,1
39.0,Yes,Travel_Rarely,360.0,Research & Development,23,3,Medical,1,1310,3.0,Male,93,3,1,Research Scientist,1.0,Single,3904.0,22154,0.0,Y,No,13,3.0,1,80,0,6.0,2.0,3.0,5.0,2,0,3
30.0,No,Travel_Rarely,1138.0,Research & Development,6,3,Technical Degree,1,1311,1.0,Female,48,2,2,Laboratory Technician,4.0,Married,4627.0,23631,0.0,Y,No,12,3.0,1,80,1,10.0,6.0,3.0,9.0,2,6,7
36.0,No,Travel_Rarely,325.0,Research & Development,10,4,Technical Degree,1,1312,4.0,Female,63,3,3,Healthcare Representative,3.0,Married,7094.0,5747,3.0,Y,No,12,3.0,1,80,0,10.0,0.0,3.0,7.0,7,1,7
46.0,No,Travel_Rarely,991.0,Human Resources,1,2,Life Sciences,1,1314,4.0,Female,44,3,1,Human Resources,1.0,Single,3423.0,22957,6.0,Y,No,12,3.0,3,80,0,10.0,3.0,4.0,7.0,6,5,7
28.0,No,Non-Travel,1476.0,Research & Development,1,3,Life Sciences,1,1315,3.0,Female,55,1,2,Laboratory Technician,4.0,Married,6674.0,16392,0.0,Y,No,11,3.0,1,80,3,10.0,6.0,3.0,9.0,8,7,5
50.0,No,Travel_Rarely,1322.0,Research & Development,28,3,Life Sciences,1,1317,4.0,Female,43,3,4,Research Director,1.0,Married,16536.0,22422,4.0,Y,Yes,11,3.0,2,80,0,25.0,2.0,3.0,3.0,2,1,2
40.0,Yes,Travel_Rarely,299.0,Sales,25,4,Marketing,1,1318,4.0,Male,57,2,3,Sales Executive,2.0,Single,9094.0,17235,2.0,Y,Yes,12,3.0,3,80,0,9.0,2.0,3.0,5.0,4,1,0
52.0,Yes,Travel_Rarely,1030.0,Sales,5,3,Life Sciences,1,1319,2.0,Male,64,3,3,Sales Executive,2.0,Single,8446.0,21534,9.0,Y,Yes,19,3.0,3,80,0,10.0,2.0,2.0,8.0,7,7,7
30.0,No,Travel_Rarely,634.0,Research & Development,17,4,Medical,1,1321,2.0,Female,95,3,3,Manager,1.0,Married,11916.0,25927,1.0,Y,Yes,23,4.0,4,80,2,9.0,2.0,3.0,9.0,1,0,8
39.0,No,Travel_Rarely,524.0,Research & Development,18,2,Life Sciences,1,1322,1.0,Male,32,3,2,Manufacturing Director,3.0,Single,4534.0,13352,0.0,Y,No,11,3.0,1,80,0,9.0,6.0,3.0,8.0,7,1,7
31.0,No,Non-Travel,587.0,Sales,2,4,Life Sciences,1,1324,4.0,Female,57,3,3,Sales Executive,3.0,Divorced,9852.0,8935,1.0,Y,Yes,19,3.0,1,80,1,10.0,5.0,2.0,10.0,8,9,6
41.0,No,Non-Travel,256.0,Sales,10,2,Medical,1,1329,3.0,Male,40,1,2,Sales Executive,2.0,Single,6151.0,22074,1.0,Y,No,13,3.0,1,80,0,19.0,4.0,3.0,19.0,2,11,9
31.0,Yes,Travel_Frequently,1060.0,Sales,1,3,Life Sciences,1,1331,4.0,Female,54,3,1,Sales Representative,2.0,Single,2302.0,8319,1.0,Y,Yes,11,3.0,1,80,0,3.0,2.0,4.0,3.0,2,2,2
44.0,Yes,Travel_Rarely,935.0,Research & Development,3,3,Life Sciences,1,1333,1.0,Male,89,3,1,Laboratory Technician,1.0,Married,2362.0,14669,4.0,Y,No,12,3.0,3,80,0,10.0,4.0,4.0,3.0,2,1,2
42.0,No,Non-Travel,495.0,Research & Development,2,1,Life Sciences,1,1334,3.0,Male,37,3,4,Manager,3.0,Married,16536.0,26582,0.0,Y,Yes,13,3.0,4,80,0,21.0,3.0,2.0,20.0,8,2,10
55.0,No,Travel_Rarely,282.0,Research & Development,2,2,Medical,1,1336,4.0,Female,58,1,5,Manager,3.0,Married,16536.0,6992,4.0,Y,No,14,3.0,4,80,1,23.0,5.0,3.0,19.0,9,9,11
56.0,No,Travel_Rarely,206.0,Human Resources,8,4,Life Sciences,1,1338,4.0,Male,99,3,5,Manager,2.0,Single,16536.0,4022,6.0,Y,No,14,3.0,1,80,0,28.5,4.0,3.0,7.0,3,7,7
40.0,No,Non-Travel,458.0,Research & Development,16,2,Life Sciences,1,1340,3.0,Male,74,3,1,Research Scientist,3.0,Divorced,3544.0,8532,9.0,Y,No,16,3.0,2,80,1,6.0,0.0,3.0,4.0,2,0,0
34.0,No,Travel_Rarely,943.0,Research & Development,9,3,Life Sciences,1,1344,4.0,Male,86,3,3,Healthcare Representative,4.0,Divorced,8500.0,5494,0.0,Y,No,11,3.0,4,80,1,10.0,0.0,2.0,9.0,7,1,6
40.0,No,Travel_Rarely,523.0,Research & Development,2,3,Life Sciences,1,1346,3.0,Male,98,3,2,Research Scientist,4.0,Single,4661.0,22455,1.0,Y,No,13,3.0,3,80,0,9.0,4.0,3.0,9.0,8,8,8
41.0,No,Travel_Frequently,1018.0,Sales,1,3,Marketing,1,1349,3.0,Female,66,3,2,Sales Executive,1.0,Divorced,4103.0,4297,0.0,Y,No,17,3.0,4,80,1,10.0,2.0,3.0,9.0,3,1,7
35.0,No,Travel_Frequently,482.0,Research & Development,4,4,Life Sciences,1,1350,3.0,Male,87,3,2,Research Scientist,3.0,Single,4249.0,2690,1.0,Y,Yes,11,3.0,2,80,0,9.0,3.0,3.0,9.0,6,1,1
51.0,No,Travel_Rarely,770.0,Human Resources,5,3,Life Sciences,1,1352,3.0,Male,84,3,4,Manager,2.0,Divorced,14026.0,17588,1.0,Y,Yes,11,3.0,2,80,1,28.5,2.0,3.0,31.0,9,0,10
38.0,No,Travel_Rarely,1009.0,Sales,2,2,Life Sciences,1,1355,2.0,Female,31,3,2,Sales Executive,1.0,Divorced,6893.0,19461,3.0,Y,No,15,3.0,4,80,1,11.0,3.0,3.0,7.0,7,1,7
34.0,No,Travel_Rarely,507.0,Sales,15,2,Medical,1,1356,3.0,Female,66,3,2,Sales Executive,1.0,Single,6125.0,23553,1.0,Y,No,12,3.0,4,80,0,10.0,6.0,4.0,10.0,8,9,6
25.0,No,Travel_Rarely,882.0,Research & Development,19,1,Medical,1,1358,4.0,Male,67,3,1,Laboratory Technician,4.0,Married,3669.0,9075,3.0,Y,No,11,3.0,3,80,3,7.0,6.0,2.0,3.0,2,1,2
58.0,Yes,Travel_Rarely,601.0,Research & Development,7,4,Medical,1,1360,3.0,Female,53,2,3,Manufacturing Director,1.0,Married,10008.0,12023,7.0,Y,Yes,14,3.0,4,80,0,28.5,0.0,2.0,10.0,9,5,9
40.0,No,Travel_Rarely,329.0,Research & Development,1,4,Life Sciences,1,1361,2.0,Male,88,3,1,Laboratory Technician,2.0,Married,2387.0,6762,3.0,Y,No,22,4.0,3,80,1,7.0,3.0,3.0,4.0,2,0,3
36.0,No,Travel_Frequently,607.0,Sales,7,3,Marketing,1,1362,1.0,Female,83,4,2,Sales Executive,1.0,Married,4639.0,2261,2.0,Y,No,16,3.0,4,80,1,17.0,2.0,2.0,15.0,7,6,13
48.0,No,Travel_Rarely,855.0,Research & Development,4,3,Life Sciences,1,1363,4.0,Male,54,3,3,Manufacturing Director,4.0,Single,7898.0,18706,1.0,Y,No,11,3.0,3,80,0,11.0,2.0,3.0,10.0,9,0,8
27.0,No,Travel_Rarely,1291.0,Sales,11,3,Medical,1,1364,3.0,Female,98,4,1,Sales Representative,4.0,Married,2534.0,6527,8.0,Y,No,14,3.0,2,80,1,5.0,4.0,3.0,1.0,0,0,0
51.0,No,Travel_Rarely,1405.0,Research & Development,11,2,Technical Degree,1,1367,4.0,Female,82,2,4,Manufacturing Director,2.0,Single,13142.0,24439,3.0,Y,No,16,3.0,2,80,0,28.5,1.0,2.0,5.0,2,0,3
18.0,No,Non-Travel,1124.0,Research & Development,1,3,Life Sciences,1,1368,4.0,Female,97,3,1,Laboratory Technician,4.0,Single,1611.0,19305,1.0,Y,No,15,3.0,3,80,0,1.0,5.0,4.0,0.0,0,0,0
35.0,No,Travel_Rarely,817.0,Research & Development,1,3,Medical,1,1369,4.0,Female,60,2,2,Laboratory Technician,4.0,Married,5363.0,10846,0.0,Y,No,12,3.0,2,80,1,10.0,0.0,3.0,9.0,7,0,0
27.0,No,Travel_Frequently,793.0,Sales,2,1,Life Sciences,1,1371,4.0,Male,43,1,2,Sales Executive,4.0,Single,5071.0,20392,3.0,Y,No,20,4.0,2,80,0,8.0,3.0,3.0,6.0,2,0,0
55.0,Yes,Travel_Rarely,267.0,Sales,13,4,Marketing,1,1372,1.0,Male,85,4,4,Sales Executive,3.0,Single,13695.0,9277,6.0,Y,Yes,17,3.0,3,80,0,24.0,2.0,2.0,19.0,7,3,8
56.0,No,Travel_Rarely,1369.0,Research & Development,23,3,Life Sciences,1,1373,4.0,Male,68,3,4,Manufacturing Director,2.0,Married,13402.0,18235,4.0,Y,Yes,12,3.0,1,80,1,28.5,0.0,3.0,19.0,16,15,9
34.0,No,Non-Travel,999.0,Research & Development,26,1,Technical Degree,1,1374,1.0,Female,92,2,1,Research Scientist,3.0,Divorced,2029.0,15891,1.0,Y,No,20,4.0,3,80,3,5.0,2.0,3.0,5.0,4,0,0
40.0,No,Travel_Rarely,1202.0,Research & Development,2,1,Medical,1,1375,2.0,Female,89,4,2,Healthcare Representative,3.0,Divorced,6377.0,13888,5.0,Y,No,20,4.0,2,80,3,15.0,0.0,3.0,12.0,11,11,8
34.0,No,Travel_Rarely,285.0,Research & Development,29,3,Medical,1,1377,2.0,Male,86,3,2,Laboratory Technician,3.0,Married,5429.0,17491,4.0,Y,No,13,3.0,1,80,2,10.0,1.0,3.0,8.0,7,7,7
31.0,Yes,Travel_Frequently,703.0,Sales,2,3,Life Sciences,1,1379,3.0,Female,90,2,1,Sales Representative,4.0,Single,2785.0,11882,7.0,Y,No,14,3.0,3,80,0,3.0,3.0,4.0,1.0,0,0,0
35.0,Yes,Travel_Frequently,662.0,Sales,18,4,Marketing,1,1380,4.0,Female,67,3,2,Sales Executive,3.0,Married,4614.0,23288,0.0,Y,Yes,18,3.0,3,80,1,5.0,0.0,2.0,4.0,2,3,2
38.0,No,Travel_Frequently,693.0,Research & Development,7,3,Life Sciences,1,1382,4.0,Male,57,4,1,Research Scientist,3.0,Divorced,2610.0,15748,1.0,Y,No,11,3.0,4,80,3,4.0,2.0,3.0,4.0,2,0,3
34.0,No,Travel_Rarely,404.0,Research & Development,2,4,Technical Degree,1,1383,3.0,Female,98,3,2,Healthcare Representative,4.0,Single,6687.0,6163,1.0,Y,No,11,3.0,4,80,0,14.0,2.0,4.0,14.0,11,4,11
28.0,No,Travel_Rarely,736.0,Sales,26,3,Life Sciences,1,1387,3.0,Male,48,2,2,Sales Executive,1.0,Married,4724.0,24232,1.0,Y,No,11,3.0,3,80,1,5.0,0.0,3.0,5.0,3,0,4
31.0,Yes,Travel_Rarely,330.0,Research & Development,22,4,Medical,1,1389,4.0,Male,98,3,2,Manufacturing Director,3.0,Married,6179.0,21057,1.0,Y,Yes,15,3.0,4,80,2,10.0,3.0,2.0,10.0,2,6,7
39.0,No,Travel_Rarely,1498.0,Sales,21,4,Life Sciences,1,1390,1.0,Male,44,2,2,Sales Executive,4.0,Married,6120.0,3567,3.0,Y,Yes,12,3.0,4,80,2,8.0,2.0,4.0,5.0,4,1,4
51.0,No,Travel_Frequently,541.0,Sales,2,3,Marketing,1,1391,2.0,Male,52,3,3,Sales Executive,2.0,Married,10596.0,15395,2.0,Y,No,11,3.0,2,80,0,14.0,5.0,3.0,4.0,2,3,2
41.0,No,Travel_Frequently,1200.0,Research & Development,22,3,Life Sciences,1,1392,4.0,Female,75,3,2,Research Scientist,4.0,Divorced,5467.0,13953,3.0,Y,Yes,14,3.0,1,80,2,12.0,4.0,2.0,6.0,2,3,3
37.0,No,Travel_Rarely,1439.0,Research & Development,4,1,Life Sciences,1,1394,3.0,Male,54,3,1,Research Scientist,3.0,Married,2996.0,5182,7.0,Y,Yes,15,3.0,4,80,0,8.0,2.0,3.0,6.0,4,1,3
33.0,No,Travel_Frequently,1111.0,Sales,5,1,Life Sciences,1,1395,2.0,Male,61,3,2,Sales Executive,4.0,Married,9998.0,19293,6.0,Y,No,13,3.0,1,80,0,8.0,2.0,4.0,5.0,4,1,2
32.0,No,Travel_Rarely,499.0,Sales,2,1,Marketing,1,1396,3.0,Male,36,3,2,Sales Executive,2.0,Married,4078.0,20497,0.0,Y,Yes,13,3.0,1,80,3,4.0,3.0,2.0,3.0,2,1,2
39.0,No,Non-Travel,1485.0,Research & Development,25,2,Life Sciences,1,1397,3.0,Male,71,3,3,Healthcare Representative,3.0,Married,10920.0,3449,3.0,Y,No,21,4.0,2,80,1,13.0,2.0,3.0,6.0,4,0,5
25.0,No,Travel_Rarely,1372.0,Sales,18,1,Life Sciences,1,1399,1.0,Male,93,4,2,Sales Executive,3.0,Married,6232.0,12477,2.0,Y,No,11,3.0,2,80,0,6.0,3.0,2.0,3.0,2,1,2
52.0,No,Travel_Frequently,322.0,Research & Development,28,2,Medical,1,1401,4.0,Female,59,4,4,Manufacturing Director,3.0,Married,13247.0,9731,2.0,Y,Yes,11,3.0,2,80,1,24.0,3.0,2.0,5.0,3,0,2
43.0,No,Travel_Rarely,930.0,Research & Development,6,3,Medical,1,1402,1.0,Female,73,2,2,Research Scientist,3.0,Single,4081.0,20003,1.0,Y,Yes,14,3.0,1,80,0,20.0,3.0,1.0,20.0,7,1,8
27.0,No,Travel_Rarely,205.0,Sales,10,3,Marketing,1,1403,4.0,Female,98,2,2,Sales Executive,4.0,Married,5769.0,7100,1.0,Y,Yes,11,3.0,4,80,0,6.0,3.0,3.0,6.0,2,4,4
27.0,Yes,Travel_Rarely,135.0,Research & Development,17,4,Life Sciences,1,1405,4.0,Female,51,3,1,Research Scientist,3.0,Single,2394.0,25681,1.0,Y,Yes,13,3.0,4,80,0,8.0,2.0,3.0,8.0,2,7,7
26.0,No,Travel_Rarely,683.0,Research & Development,2,1,Medical,1,1407,1.0,Male,36,2,1,Research Scientist,4.0,Single,3904.0,4050,0.0,Y,No,12,3.0,4,80,0,5.0,2.0,3.0,4.0,3,1,1
42.0,No,Travel_Rarely,1147.0,Human Resources,10,3,Human Resources,1,1408,3.0,Female,31,3,4,Manager,1.0,Married,16536.0,16616,0.0,Y,No,14,3.0,3,80,1,21.0,5.0,3.0,20.0,7,0,9
52.0,No,Travel_Rarely,258.0,Research & Development,8,4,Other,1,1409,3.0,Female,54,3,1,Laboratory Technician,1.0,Married,2950.0,17363,9.0,Y,No,13,3.0,3,80,0,12.0,2.0,1.0,5.0,4,0,4
37.0,No,Travel_Rarely,1462.0,Research & Development,11,3,Medical,1,1411,1.0,Female,94,3,1,Laboratory Technician,3.0,Single,3629.0,19106,4.0,Y,No,18,3.0,1,80,0,8.0,6.0,3.0,3.0,2,0,2
35.0,No,Travel_Frequently,200.0,Research & Development,18,2,Life Sciences,1,1412,3.0,Male,60,3,3,Manufacturing Director,4.0,Single,9362.0,19944,2.0,Y,No,11,3.0,3,80,0,10.0,2.0,3.0,2.0,2,2,2
25.0,No,Travel_Rarely,949.0,Research & Development,1,3,Technical Degree,1,1415,1.0,Male,81,3,1,Laboratory Technician,4.0,Married,3229.0,4910,4.0,Y,No,11,3.0,2,80,1,7.0,2.0,2.0,3.0,2,0,2
26.0,No,Travel_Rarely,652.0,Research & Development,7,3,Other,1,1417,3.0,Male,100,4,1,Laboratory Technician,1.0,Single,3578.0,23577,0.0,Y,No,12,3.0,4,80,0,8.0,2.0,3.0,7.0,7,0,7
29.0,No,Travel_Rarely,332.0,Human Resources,17,3,Other,1,1419,2.0,Male,51,2,3,Human Resources,1.0,Single,7988.0,9769,1.0,Y,No,13,3.0,1,80,0,10.0,3.0,2.0,10.0,9,0,9
49.0,Yes,Travel_Frequently,1475.0,Research & Development,28,2,Life Sciences,1,1420,1.0,Male,97,2,2,Laboratory Technician,1.0,Single,4284.0,22710,3.0,Y,No,20,4.0,1,80,0,20.0,2.0,3.0,4.0,3,1,3
29.0,Yes,Travel_Frequently,337.0,Research & Development,14,1,Other,1,1421,3.0,Female,84,3,3,Healthcare Representative,4.0,Single,7553.0,22930,0.0,Y,Yes,12,3.0,1,80,0,9.0,1.0,3.0,8.0,7,7,7
54.0,No,Travel_Rarely,971.0,Research & Development,1,3,Medical,1,1422,4.0,Female,54,3,4,Research Director,4.0,Single,16536.0,5652,6.0,Y,No,19,3.0,4,80,0,28.5,3.0,2.0,20.0,7,12,7
58.0,No,Travel_Rarely,1055.0,Research & Development,1,3,Medical,1,1423,4.0,Female,76,3,5,Research Director,1.0,Married,16536.0,22456,3.0,Y,Yes,21,4.0,3,80,1,28.5,3.0,3.0,9.0,8,1,5
55.0,No,Travel_Rarely,1136.0,Research & Development,1,4,Medical,1,1424,2.0,Male,81,4,4,Research Director,4.0,Divorced,14732.0,12414,2.0,Y,No,13,3.0,4,80,2,28.5,4.0,4.0,7.0,7,0,0
36.0,No,Travel_Rarely,1174.0,Sales,3,4,Marketing,1,1425,1.0,Female,99,3,2,Sales Executive,2.0,Single,9278.0,20763,3.0,Y,Yes,16,3.0,4,80,0,15.0,3.0,3.0,5.0,4,0,1
31.0,Yes,Travel_Frequently,667.0,Sales,1,4,Life Sciences,1,1427,2.0,Female,50,1,1,Sales Representative,3.0,Single,1359.0,16154,1.0,Y,No,12,3.0,2,80,0,1.0,3.0,3.0,1.0,0,0,0
30.0,No,Travel_Rarely,855.0,Sales,7,4,Marketing,1,1428,4.0,Female,73,3,2,Sales Executive,1.0,Divorced,4779.0,12761,7.0,Y,No,14,3.0,2,80,2,8.0,3.0,3.0,3.0,2,0,2
31.0,No,Travel_Rarely,182.0,Research & Development,8,5,Life Sciences,1,1430,1.0,Female,93,3,4,Research Director,2.0,Single,16422.0,8847,3.0,Y,No,11,3.0,3,80,0,9.0,3.0,4.0,3.0,2,1,0
34.0,No,Travel_Frequently,560.0,Research & Development,1,4,Other,1,1431,4.0,Male,91,3,1,Research Scientist,1.0,Divorced,2996.0,20284,5.0,Y,No,14,3.0,3,80,2,10.0,2.0,3.0,4.0,3,1,3
31.0,Yes,Travel_Rarely,202.0,Research & Development,8,3,Life Sciences,1,1433,1.0,Female,34,2,1,Research Scientist,2.0,Single,1338.72,22262,1.0,Y,No,12,3.0,3,80,0,1.0,3.0,4.0,1.0,0,0,0
27.0,No,Travel_Rarely,1377.0,Research & Development,11,1,Life Sciences,1,1434,2.0,Male,91,3,1,Laboratory Technician,1.0,Married,2099.0,7679,0.0,Y,No,14,3.0,2,80,0,6.0,3.0,4.0,5.0,0,1,4
36.0,No,Travel_Rarely,172.0,Research & Development,4,4,Life Sciences,1,1435,1.0,Male,37,2,2,Laboratory Technician,4.0,Single,5810.0,22604,1.0,Y,No,16,3.0,3,80,0,10.0,2.0,2.0,10.0,4,1,8
36.0,No,Travel_Rarely,329.0,Sales,16,4,Marketing,1,1436,3.0,Female,98,2,2,Sales Executive,1.0,Married,5647.0,13494,4.0,Y,No,13,3.0,1,80,2,11.0,3.0,2.0,3.0,2,0,2
47.0,No,Travel_Rarely,465.0,Research & Development,1,3,Technical Degree,1,1438,1.0,Male,74,3,1,Research Scientist,4.0,Married,3420.0,10205,7.0,Y,No,12,3.0,3,80,1,17.0,2.0,2.0,6.0,5,1,2
25.0,Yes,Travel_Rarely,383.0,Sales,9,2,Life Sciences,1,1439,1.0,Male,68,2,1,Sales Representative,1.0,Married,4400.0,15182,3.0,Y,No,12,3.0,1,80,0,6.0,2.0,3.0,3.0,2,2,2
37.0,No,Non-Travel,1413.0,Research & Development,5,2,Technical Degree,1,1440,3.0,Male,84,4,1,Laboratory Technician,3.0,Single,3500.0,25470,0.0,Y,No,14,3.0,1,80,0,7.0,2.0,1.0,6.0,5,1,3
56.0,No,Travel_Rarely,1255.0,Research & Development,1,2,Life Sciences,1,1441,1.0,Female,90,3,1,Research Scientist,1.0,Married,2066.0,10494,2.0,Y,No,22,4.0,4,80,1,5.0,3.0,4.0,3.0,2,1,0
47.0,No,Travel_Rarely,359.0,Research & Development,2,4,Medical,1,1443,1.0,Female,82,3,4,Research Director,3.0,Married,16536.0,26703,3.0,Y,No,19,3.0,2,80,2,26.0,2.0,4.0,20.0,17,5,6
24.0,No,Travel_Rarely,1476.0,Sales,4,1,Medical,1,1445,4.0,Female,42,3,2,Sales Executive,3.0,Married,4162.0,15211,1.0,Y,Yes,12,3.0,3,80,2,5.0,3.0,3.0,5.0,4,0,3
32.0,No,Travel_Rarely,601.0,Sales,7,5,Marketing,1,1446,4.0,Male,97,3,2,Sales Executive,4.0,Married,9204.0,23343,4.0,Y,No,12,3.0,3,80,1,7.0,3.0,2.0,4.0,3,0,3
34.0,No,Travel_Rarely,401.0,Research & Development,1,3,Life Sciences,1,1447,4.0,Female,86,2,1,Laboratory Technician,2.0,Married,3294.0,3708,5.0,Y,No,17,3.0,1,80,1,7.0,2.0,2.0,5.0,4,0,2
41.0,No,Travel_Rarely,1283.0,Research & Development,5,5,Medical,1,1448,2.0,Male,90,4,1,Research Scientist,3.0,Married,2127.0,5561,2.0,Y,Yes,12,3.0,1,80,0,7.0,5.0,2.0,4.0,2,0,3
40.0,No,Non-Travel,663.0,Research & Development,9,4,Other,1,1449,3.0,Male,81,3,2,Laboratory Technician,3.0,Divorced,3975.0,23099,3.0,Y,No,11,3.0,3,80,2,11.0,2.0,4.0,8.0,7,0,7
31.0,No,Travel_Rarely,326.0,Sales,8,2,Life Sciences,1,1453,1.0,Male,31,3,3,Sales Executive,4.0,Divorced,10793.0,8386,1.0,Y,No,18,3.0,1,80,1,13.0,5.0,3.0,13.0,7,9,9
46.0,Yes,Travel_Rarely,377.0,Sales,9,3,Marketing,1,1457,1.0,Male,52,3,3,Sales Executive,4.0,Divorced,10096.0,15986,4.0,Y,No,11,3.0,1,80,1,28.0,1.0,4.0,7.0,7,4,3
39.0,Yes,Non-Travel,592.0,Research & Development,2,3,Life Sciences,1,1458,1.0,Female,54,2,1,Laboratory Technician,1.0,Single,3646.0,17181,2.0,Y,Yes,23,4.0,2,80,0,11.0,2.0,4.0,1.0,0,0,0
31.0,Yes,Travel_Frequently,1445.0,Research & Development,1,5,Life Sciences,1,1459,3.0,Female,100,4,3,Manufacturing Director,2.0,Single,7446.0,8931,1.0,Y,No,11,3.0,1,80,0,10.0,2.0,3.0,10.0,8,4,7
45.0,No,Travel_Rarely,1038.0,Research & Development,20,3,Medical,1,1460,2.0,Male,95,1,3,Healthcare Representative,1.0,Divorced,10851.0,19863,2.0,Y,Yes,18,3.0,2,80,1,24.0,2.0,3.0,7.0,7,0,7
31.0,No,Travel_Rarely,1398.0,Human Resources,8,2,Medical,1,1461,4.0,Female,96,4,1,Human Resources,2.0,Single,2109.0,24609,9.0,Y,No,18,3.0,4,80,0,8.0,3.0,3.0,3.0,2,0,2
31.0,Yes,Travel_Frequently,523.0,Research & Development,2,3,Life Sciences,1,1464,2.0,Male,94,3,1,Laboratory Technician,4.0,Married,3722.0,21081,6.0,Y,Yes,13,3.0,3,80,1,7.0,2.0,1.0,2.0,2,2,2
45.0,No,Travel_Rarely,1448.0,Research & Development,29,3,Technical Degree,1,1465,2.0,Male,55,3,3,Manufacturing Director,4.0,Married,9380.0,14720,4.0,Y,Yes,18,3.0,4,80,2,10.0,4.0,4.0,3.0,1,1,2
48.0,No,Travel_Rarely,1221.0,Sales,7,3,Marketing,1,1466,3.0,Male,96,3,2,Sales Executive,1.0,Divorced,5486.0,24795,4.0,Y,No,11,3.0,1,80,3,15.0,3.0,3.0,2.0,2,2,2
34.0,Yes,Travel_Rarely,1107.0,Human Resources,9,4,Technical Degree,1,1467,1.0,Female,52,3,1,Human Resources,3.0,Married,2742.0,3072,1.0,Y,No,15,3.0,4,80,0,2.0,0.0,3.0,2.0,2,2,2
40.0,No,Non-Travel,218.0,Research & Development,8,1,Medical,1,1468,4.0,Male,55,2,3,Research Director,2.0,Divorced,13757.0,25178,2.0,Y,No,11,3.0,3,80,1,16.0,5.0,3.0,9.0,8,4,8
28.0,No,Travel_Rarely,866.0,Sales,5,3,Medical,1,1469,4.0,Male,84,3,2,Sales Executive,1.0,Single,8463.0,23490,0.0,Y,No,18,3.0,4,80,0,6.0,4.0,3.0,5.0,4,1,3
44.0,No,Non-Travel,981.0,Research & Development,5,3,Life Sciences,1,1471,3.0,Male,90,2,1,Laboratory Technician,3.0,Single,3162.0,7973,3.0,Y,No,14,3.0,4,80,0,7.0,5.0,3.0,5.0,2,0,3
53.0,No,Travel_Rarely,447.0,Research & Development,2,3,Medical,1,1472,4.0,Male,39,4,4,Research Director,2.0,Single,16536.0,19764,4.0,Y,No,12,3.0,2,80,0,28.5,2.0,2.0,9.0,8,8,8
49.0,No,Travel_Rarely,1495.0,Research & Development,5,4,Technical Degree,1,1473,1.0,Male,96,3,2,Healthcare Representative,3.0,Married,6651.0,21534,2.0,Y,No,14,3.0,2,80,1,20.0,0.0,2.0,3.0,2,1,2
40.0,No,Travel_Rarely,896.0,Research & Development,2,3,Medical,1,1474,3.0,Male,68,3,1,Research Scientist,3.0,Divorced,2345.0,8045,2.0,Y,No,14,3.0,3,80,1,8.0,3.0,4.0,3.0,1,1,2
44.0,No,Travel_Rarely,1467.0,Research & Development,20,3,Life Sciences,1,1475,4.0,Male,49,3,1,Research Scientist,2.0,Single,3420.0,21158,1.0,Y,No,13,3.0,3,80,0,6.0,3.0,2.0,5.0,2,1,3
33.0,No,Travel_Frequently,430.0,Sales,7,3,Medical,1,1477,4.0,Male,54,3,2,Sales Executive,1.0,Married,4373.0,17456,0.0,Y,No,14,3.0,1,80,2,5.0,2.0,3.0,4.0,3,0,3
34.0,No,Travel_Rarely,1326.0,Sales,3,3,Other,1,1478,4.0,Male,81,1,2,Sales Executive,1.0,Single,4759.0,15891,3.0,Y,No,18,3.0,4,80,0,15.0,2.0,3.0,13.0,9,3,12
30.0,No,Travel_Rarely,1358.0,Sales,16,1,Life Sciences,1,1479,4.0,Male,96,3,2,Sales Executive,3.0,Married,5301.0,2939,8.0,Y,No,15,3.0,3,80,2,4.0,2.0,2.0,2.0,1,2,2
42.0,No,Travel_Frequently,748.0,Research & Development,9,2,Medical,1,1480,1.0,Female,74,3,1,Laboratory Technician,4.0,Single,3673.0,16458,1.0,Y,No,13,3.0,3,80,0,12.0,3.0,3.0,12.0,9,5,8
44.0,No,Travel_Frequently,383.0,Sales,1,5,Marketing,1,1481,1.0,Female,79,3,2,Sales Executive,3.0,Married,4768.0,9282,7.0,Y,No,12,3.0,3,80,1,11.0,4.0,2.0,1.0,0,0,0
30.0,No,Non-Travel,990.0,Research & Development,7,3,Technical Degree,1,1482,3.0,Male,64,3,1,Research Scientist,3.0,Divorced,1338.72,7152,1.0,Y,No,13,3.0,2,80,2,1.0,2.0,2.0,1.0,0,0,0
57.0,No,Travel_Rarely,405.0,Research & Development,1,2,Life Sciences,1,1483,2.0,Male,93,4,2,Research Scientist,3.0,Married,4900.0,2721,0.0,Y,No,24,4.0,1,80,1,13.0,2.0,2.0,12.0,9,2,8
49.0,No,Travel_Rarely,1490.0,Research & Development,7,4,Life Sciences,1,1484,3.0,Male,35,3,3,Healthcare Representative,2.0,Divorced,10466.0,20948,3.0,Y,No,14,3.0,2,80,2,28.5,3.0,3.0,8.0,7,0,7
34.0,No,Travel_Frequently,829.0,Research & Development,15,3,Medical,1,1485,2.0,Male,71,3,4,Research Director,1.0,Divorced,16536.0,11929,7.0,Y,No,14,3.0,4,80,2,16.0,3.0,2.0,14.0,8,6,9
28.0,Yes,Travel_Frequently,1496.0,Sales,1,3,Technical Degree,1,1486,1.0,Male,92,3,1,Sales Representative,3.0,Married,2909.0,15747,3.0,Y,No,15,3.0,4,80,1,5.0,3.0,4.0,3.0,2,1,2
29.0,Yes,Travel_Frequently,115.0,Sales,13,3,Technical Degree,1,1487,1.0,Female,51,3,2,Sales Executive,2.0,Single,5765.0,17485,5.0,Y,No,11,3.0,1,80,0,7.0,4.0,1.0,5.0,3,0,0
34.0,Yes,Travel_Rarely,790.0,Sales,24,4,Medical,1,1489,1.0,Female,40,2,2,Sales Executive,2.0,Single,4599.0,7815,0.0,Y,Yes,23,4.0,3,80,0,16.0,2.0,4.0,15.0,9,10,10
35.0,No,Travel_Rarely,660.0,Sales,7,1,Life Sciences,1,1492,4.0,Male,76,3,1,Sales Representative,3.0,Married,2404.0,16192,1.0,Y,No,13,3.0,1,80,1,1.0,3.0,3.0,1.0,0,0,0
24.0,Yes,Travel_Frequently,381.0,Research & Development,9,3,Medical,1,1494,2.0,Male,89,3,1,Laboratory Technician,1.0,Single,3172.0,16998,2.0,Y,Yes,11,3.0,3,80,0,4.0,2.0,2.0,0.0,0,0,0
24.0,No,Non-Travel,830.0,Sales,13,2,Life Sciences,1,1495,4.0,Female,78,3,1,Sales Representative,2.0,Married,2033.0,7103,1.0,Y,No,13,3.0,3,80,1,1.0,2.0,3.0,1.0,0,0,0
44.0,No,Travel_Frequently,1193.0,Research & Development,2,1,Medical,1,1496,2.0,Male,86,3,3,Manufacturing Director,3.0,Single,10209.0,19719,5.0,Y,Yes,18,3.0,2,80,0,16.0,2.0,2.0,2.0,2,2,2
29.0,No,Travel_Rarely,1246.0,Sales,19,3,Life Sciences,1,1497,3.0,Male,77,2,2,Sales Executive,3.0,Divorced,8620.0,23757,1.0,Y,No,14,3.0,3,80,2,10.0,3.0,3.0,10.0,7,0,4
30.0,No,Travel_Rarely,330.0,Human Resources,1,3,Life Sciences,1,1499,3.0,Male,46,3,1,Human Resources,3.0,Divorced,2064.0,15428,0.0,Y,No,21,4.0,1,80,1,6.0,3.0,4.0,5.0,3,1,3
55.0,No,Travel_Rarely,1229.0,Research & Development,4,4,Life Sciences,1,1501,4.0,Male,30,3,2,Healthcare Representative,3.0,Married,4035.0,16143,0.0,Y,Yes,16,3.0,2,80,0,4.0,2.0,3.0,3.0,2,1,2
33.0,No,Travel_Rarely,1099.0,Research & Development,4,4,Medical,1,1502,1.0,Female,82,2,1,Laboratory Technician,2.0,Married,3838.0,8192,8.0,Y,No,11,3.0,4,80,0,8.0,5.0,3.0,5.0,4,0,2
47.0,No,Travel_Rarely,571.0,Sales,14,3,Medical,1,1503,3.0,Female,78,3,2,Sales Executive,3.0,Married,4591.0,24200,3.0,Y,Yes,17,3.0,3,80,1,11.0,4.0,2.0,5.0,4,1,2
28.0,Yes,Travel_Frequently,289.0,Research & Development,2,2,Medical,1,1504,3.0,Male,38,2,1,Laboratory Technician,1.0,Single,2561.0,5355,7.0,Y,No,11,3.0,3,80,0,8.0,2.0,2.0,0.0,0,0,0
28.0,No,Travel_Rarely,1423.0,Research & Development,1,3,Life Sciences,1,1506,1.0,Male,72,2,1,Research Scientist,3.0,Divorced,1563.0,12530,1.0,Y,No,14,3.0,4,80,1,1.0,2.0,1.0,1.0,0,0,0
28.0,No,Travel_Frequently,467.0,Sales,7,3,Life Sciences,1,1507,3.0,Male,55,3,2,Sales Executive,1.0,Single,4898.0,11827,0.0,Y,No,14,3.0,4,80,0,5.0,5.0,3.0,4.0,2,1,3
49.0,No,Travel_Rarely,271.0,Research & Development,3,2,Medical,1,1509,3.0,Female,43,2,2,Laboratory Technician,1.0,Married,4789.0,23070,4.0,Y,No,25,4.0,1,80,1,10.0,3.0,3.0,3.0,2,1,2
29.0,No,Travel_Frequently,410.0,Research & Development,2,1,Life Sciences,1,1513,4.0,Female,97,3,1,Laboratory Technician,2.0,Married,3180.0,4668,0.0,Y,No,13,3.0,3,80,3,4.0,3.0,3.0,3.0,2,0,2
28.0,No,Travel_Rarely,1083.0,Research & Development,29,1,Life Sciences,1,1514,3.0,Male,96,1,2,Manufacturing Director,2.0,Married,6549.0,3173,1.0,Y,No,14,3.0,2,80,2,8.0,2.0,2.0,8.0,6,1,7
33.0,No,Travel_Rarely,516.0,Research & Development,8,5,Life Sciences,1,1515,4.0,Male,69,3,2,Healthcare Representative,3.0,Single,6388.0,22049,2.0,Y,Yes,17,3.0,1,80,0,14.0,6.0,3.0,0.0,0,0,0
32.0,No,Travel_Rarely,495.0,Research & Development,10,3,Medical,1,1516,3.0,Male,64,3,3,Manager,4.0,Single,11244.0,21072,2.0,Y,No,25,4.0,2,80,0,10.0,5.0,4.0,5.0,2,0,0
54.0,No,Travel_Frequently,1050.0,Research & Development,11,4,Medical,1,1520,2.0,Female,87,3,4,Manager,4.0,Divorced,16032.0,24456,3.0,Y,No,20,4.0,1,80,1,26.0,2.0,3.0,14.0,9,1,12
29.0,Yes,Travel_Rarely,224.0,Research & Development,1,4,Technical Degree,1,1522,1.0,Male,100,2,1,Research Scientist,1.0,Single,2362.0,7568,6.0,Y,No,13,3.0,3,80,0,11.0,2.0,1.0,9.0,7,0,7
44.0,No,Travel_Rarely,136.0,Research & Development,28,3,Life Sciences,1,1523,4.0,Male,32,3,4,Research Director,1.0,Married,16328.0,22074,3.0,Y,No,13,3.0,3,80,1,24.0,1.0,4.0,20.0,6,14,17
39.0,No,Travel_Rarely,1089.0,Research & Development,6,3,Life Sciences,1,1525,2.0,Female,32,3,3,Manufacturing Director,2.0,Single,8376.0,9150,4.0,Y,No,18,3.0,4,80,0,9.0,3.0,3.0,2.0,0,2,2
46.0,No,Travel_Rarely,228.0,Sales,3,3,Life Sciences,1,1527,3.0,Female,51,3,4,Manager,2.0,Married,16536.0,11380,8.0,Y,No,12,3.0,4,80,1,23.0,2.0,4.0,13.0,12,5,1
35.0,No,Travel_Rarely,1029.0,Research & Development,16,3,Life Sciences,1,1529,4.0,Female,91,2,3,Healthcare Representative,2.0,Single,8606.0,21195,1.0,Y,No,19,3.0,4,80,0,11.0,3.0,1.0,11.0,8,3,3
23.0,No,Travel_Rarely,507.0,Research & Development,20,1,Life Sciences,1,1533,1.0,Male,97,3,2,Laboratory Technician,3.0,Single,2272.0,24812,0.0,Y,No,14,3.0,2,80,0,5.0,2.0,3.0,4.0,3,1,2
40.0,Yes,Travel_Rarely,676.0,Research & Development,9,4,Life Sciences,1,1534,4.0,Male,86,3,1,Laboratory Technician,1.0,Single,2018.0,21831,3.0,Y,No,14,3.0,2,80,0,15.0,3.0,1.0,5.0,4,1,0
34.0,No,Travel_Rarely,971.0,Sales,1,3,Technical Degree,1,1535,4.0,Male,64,2,3,Sales Executive,3.0,Married,7083.0,12288,1.0,Y,Yes,14,3.0,4,80,0,10.0,3.0,3.0,10.0,9,8,6
31.0,Yes,Travel_Frequently,561.0,Research & Development,3,3,Life Sciences,1,1537,4.0,Female,33,3,1,Research Scientist,3.0,Single,4084.0,4156,1.0,Y,No,12,3.0,1,80,0,7.0,2.0,1.0,7.0,2,7,7
50.0,No,Travel_Frequently,333.0,Research & Development,22,5,Medical,1,1539,3.0,Male,88,1,4,Research Director,4.0,Single,14411.0,24450,1.0,Y,Yes,13,3.0,4,80,0,28.5,2.0,3.0,31.0,6,13,9
34.0,No,Travel_Rarely,1440.0,Sales,7,2,Technical Degree,1,1541,2.0,Male,55,3,1,Sales Representative,3.0,Married,2308.0,4944,0.0,Y,Yes,25,4.0,2,80,1,12.0,4.0,3.0,11.0,10,5,7
42.0,No,Travel_Rarely,1210.0,Research & Development,2,3,Medical,1,1542,3.0,Male,68,2,1,Laboratory Technician,2.0,Married,4841.0,24052,4.0,Y,No,14,3.0,2,80,1,4.0,3.0,3.0,1.0,0,0,0
37.0,No,Travel_Rarely,674.0,Research & Development,13,3,Medical,1,1543,1.0,Male,47,3,2,Research Scientist,4.0,Married,4285.0,3031,1.0,Y,No,17,3.0,1,80,0,10.0,2.0,3.0,10.0,8,3,7
29.0,No,Travel_Rarely,441.0,Research & Development,8,1,Other,1,1544,3.0,Female,39,1,2,Healthcare Representative,1.0,Married,9715.0,7288,3.0,Y,No,13,3.0,3,80,1,9.0,3.0,3.0,7.0,7,0,7
33.0,No,Travel_Rarely,575.0,Research & Development,25,3,Life Sciences,1,1545,4.0,Male,44,2,2,Manufacturing Director,2.0,Single,4320.0,24152,1.0,Y,No,13,3.0,4,80,0,5.0,2.0,3.0,5.0,3,0,2
45.0,No,Travel_Rarely,950.0,Research & Development,28,3,Technical Degree,1,1546,4.0,Male,97,3,1,Research Scientist,4.0,Married,2132.0,4585,4.0,Y,No,20,4.0,4,80,1,8.0,3.0,3.0,5.0,4,0,3
42.0,No,Travel_Frequently,288.0,Research & Development,2,3,Life Sciences,1,1547,4.0,Male,40,3,3,Healthcare Representative,4.0,Married,10124.0,18611,2.0,Y,Yes,14,3.0,3,80,1,24.0,3.0,1.0,20.0,8,13,9
40.0,No,Travel_Rarely,1342.0,Sales,9,2,Medical,1,1548,1.0,Male,47,3,2,Sales Executive,1.0,Married,5473.0,19345,0.0,Y,No,12,3.0,4,80,0,9.0,5.0,4.0,8.0,4,7,1
33.0,No,Travel_Rarely,589.0,Research & Development,28,4,Life Sciences,1,1549,2.0,Male,79,3,2,Laboratory Technician,3.0,Married,5207.0,22949,1.0,Y,Yes,12,3.0,2,80,1,15.0,3.0,3.0,15.0,14,5,7
40.0,No,Travel_Rarely,898.0,Human Resources,6,2,Medical,1,1550,3.0,Male,38,3,4,Manager,4.0,Single,16437.0,17381,1.0,Y,Yes,21,4.0,4,80,0,21.0,2.0,3.0,21.0,7,7,7
24.0,No,Travel_Rarely,350.0,Research & Development,21,2,Technical Degree,1,1551,3.0,Male,57,2,1,Laboratory Technician,1.0,Divorced,2296.0,10036,0.0,Y,No,14,3.0,2,80,3,2.0,3.0,3.0,1.0,1,0,0
40.0,No,Non-Travel,1142.0,Research & Development,8,2,Life Sciences,1,1552,4.0,Male,72,3,2,Healthcare Representative,4.0,Divorced,4069.0,8841,3.0,Y,Yes,18,3.0,3,80,0,8.0,2.0,3.0,2.0,2,2,2
45.0,No,Travel_Rarely,538.0,Research & Development,1,4,Technical Degree,1,1553,1.0,Male,66,3,3,Healthcare Representative,2.0,Divorced,7441.0,20933,1.0,Y,No,12,3.0,1,80,3,10.0,4.0,3.0,10.0,8,7,7
35.0,No,Travel_Rarely,1402.0,Sales,28,4,Life Sciences,1,1554,2.0,Female,98,2,1,Sales Representative,3.0,Married,2430.0,26204,0.0,Y,No,23,4.0,1,80,2,6.0,5.0,3.0,5.0,3,4,2
32.0,No,Travel_Rarely,824.0,Research & Development,5,2,Life Sciences,1,1555,4.0,Female,67,2,2,Research Scientist,2.0,Married,5878.0,15624,3.0,Y,No,12,3.0,1,80,1,12.0,2.0,3.0,7.0,1,2,5
36.0,No,Travel_Rarely,1157.0,Sales,2,4,Life Sciences,1,1556,3.0,Male,70,3,1,Sales Representative,4.0,Single,2644.0,17001,3.0,Y,Yes,21,4.0,4,80,0,7.0,3.0,2.0,3.0,2,1,2
48.0,No,Travel_Rarely,492.0,Sales,16,4,Life Sciences,1,1557,3.0,Female,96,3,2,Sales Executive,3.0,Divorced,6439.0,13693,8.0,Y,No,14,3.0,3,80,1,18.0,2.0,3.0,8.0,7,7,7
29.0,No,Travel_Rarely,598.0,Research & Development,9,3,Life Sciences,1,1558,3.0,Male,91,4,1,Research Scientist,3.0,Married,2451.0,22376,6.0,Y,No,18,3.0,1,80,2,5.0,2.0,2.0,1.0,0,0,0
33.0,No,Travel_Rarely,1242.0,Sales,8,4,Life Sciences,1,1560,1.0,Male,46,3,2,Sales Executive,1.0,Married,6392.0,10589,2.0,Y,No,13,3.0,4,80,1,8.0,6.0,1.0,2.0,2,2,2
30.0,Yes,Travel_Rarely,740.0,Sales,1,3,Life Sciences,1,1562,2.0,Male,64,2,2,Sales Executive,1.0,Married,9714.0,5323,1.0,Y,No,11,3.0,4,80,1,10.0,4.0,3.0,10.0,8,6,7
38.0,No,Travel_Frequently,888.0,Human Resources,10,4,Human Resources,1,1563,3.0,Male,71,3,2,Human Resources,3.0,Married,6077.0,14814,3.0,Y,No,11,3.0,3,80,0,10.0,2.0,3.0,6.0,3,1,2
35.0,No,Travel_Rarely,992.0,Research & Development,1,3,Medical,1,1564,4.0,Male,68,2,1,Laboratory Technician,1.0,Single,2450.0,21731,1.0,Y,No,19,3.0,2,80,0,3.0,3.0,3.0,3.0,0,1,2
30.0,No,Travel_Rarely,1288.0,Sales,29,4,Technical Degree,1,1568,3.0,Male,33,3,3,Sales Executive,2.0,Married,9250.0,17799,3.0,Y,No,12,3.0,2,80,1,9.0,3.0,3.0,4.0,2,1,3
35.0,Yes,Travel_Rarely,104.0,Research & Development,2,3,Life Sciences,1,1569,1.0,Female,69,3,1,Laboratory Technician,1.0,Divorced,2074.0,26619,1.0,Y,Yes,12,3.0,4,80,1,1.0,2.0,3.0,1.0,0,0,0
53.0,Yes,Travel_Rarely,607.0,Research & Development,2,5,Technical Degree,1,1572,3.0,Female,78,2,3,Manufacturing Director,4.0,Married,10169.0,14618,0.0,Y,No,16,3.0,2,80,1,28.5,4.0,3.0,31.0,7,1,9
38.0,Yes,Travel_Rarely,903.0,Research & Development,2,3,Medical,1,1573,3.0,Male,81,3,2,Manufacturing Director,2.0,Married,4855.0,7653,4.0,Y,No,11,3.0,1,80,2,7.0,2.0,3.0,5.0,2,1,4
32.0,No,Non-Travel,1200.0,Research & Development,1,4,Technical Degree,1,1574,4.0,Male,62,3,2,Research Scientist,1.0,Married,4087.0,25174,4.0,Y,No,14,3.0,2,80,1,9.0,3.0,2.0,6.0,5,1,2
48.0,No,Travel_Rarely,1108.0,Research & Development,15,4,Other,1,1576,3.0,Female,65,3,1,Research Scientist,1.0,Married,2367.0,16530,8.0,Y,No,12,3.0,4,80,1,10.0,3.0,2.0,8.0,2,7,6
34.0,No,Travel_Rarely,479.0,Research & Development,7,4,Medical,1,1577,1.0,Male,35,3,1,Research Scientist,4.0,Single,2972.0,22061,1.0,Y,No,13,3.0,3,80,0,1.0,4.0,1.0,1.0,0,0,0
55.0,No,Travel_Rarely,685.0,Sales,26,5,Marketing,1,1578,3.0,Male,60,2,5,Manager,4.0,Married,16536.0,23037,1.0,Y,No,21,4.0,3,80,1,28.5,3.0,3.0,31.0,6,2,13
34.0,No,Travel_Rarely,1351.0,Research & Development,1,4,Life Sciences,1,1580,2.0,Male,45,3,2,Research Scientist,4.0,Married,5484.0,13008,9.0,Y,No,17,3.0,2,80,1,9.0,3.0,2.0,2.0,2,2,1
26.0,No,Travel_Rarely,474.0,Research & Development,3,3,Life Sciences,1,1581,1.0,Female,89,3,1,Research Scientist,4.0,Married,2061.0,11133,1.0,Y,No,21,4.0,1,80,0,1.0,5.0,3.0,1.0,0,0,0
38.0,No,Travel_Rarely,1245.0,Sales,14,3,Life Sciences,1,1582,3.0,Male,80,3,2,Sales Executive,2.0,Married,9924.0,12355,0.0,Y,No,11,3.0,4,80,1,10.0,3.0,3.0,9.0,8,7,7
38.0,No,Travel_Rarely,437.0,Sales,16,3,Life Sciences,1,1583,2.0,Female,90,3,2,Sales Executive,2.0,Single,4198.0,16379,2.0,Y,No,12,3.0,2,80,0,8.0,5.0,4.0,3.0,2,1,2
36.0,No,Travel_Rarely,884.0,Sales,1,4,Life Sciences,1,1585,2.0,Female,73,3,2,Sales Executive,3.0,Single,6815.0,21447,6.0,Y,No,13,3.0,1,80,0,15.0,5.0,3.0,1.0,0,0,0
29.0,No,Travel_Rarely,1370.0,Research & Development,3,1,Medical,1,1586,2.0,Male,87,3,1,Laboratory Technician,1.0,Single,4723.0,16213,1.0,Y,Yes,18,3.0,4,80,0,10.0,3.0,3.0,10.0,9,1,5
35.0,No,Travel_Rarely,670.0,Research & Development,10,4,Medical,1,1587,1.0,Female,51,3,2,Healthcare Representative,3.0,Single,6142.0,4223,3.0,Y,Yes,16,3.0,3,80,0,10.0,4.0,3.0,5.0,2,0,4
39.0,No,Travel_Rarely,1462.0,Sales,6,3,Medical,1,1588,4.0,Male,38,4,3,Sales Executive,3.0,Married,8237.0,4658,2.0,Y,No,11,3.0,1,80,1,11.0,3.0,3.0,7.0,6,7,6
29.0,No,Travel_Frequently,995.0,Research & Development,2,1,Life Sciences,1,1590,1.0,Male,87,3,2,Healthcare Representative,4.0,Divorced,8853.0,24483,1.0,Y,No,19,3.0,4,80,1,6.0,0.0,4.0,6.0,4,1,3
50.0,No,Travel_Rarely,264.0,Sales,9,3,Marketing,1,1591,3.0,Male,59,3,5,Manager,3.0,Married,16536.0,19519,4.0,Y,Yes,16,3.0,3,80,1,27.0,2.0,3.0,1.0,0,0,0
23.0,No,Travel_Rarely,977.0,Research & Development,10,3,Technical Degree,1,1592,4.0,Male,45,4,1,Research Scientist,3.0,Married,2073.0,12826,2.0,Y,No,16,3.0,4,80,1,4.0,2.0,3.0,2.0,2,2,2
36.0,No,Travel_Frequently,1302.0,Research & Development,6,4,Life Sciences,1,1594,1.0,Male,80,4,2,Laboratory Technician,1.0,Married,5562.0,19711,3.0,Y,Yes,13,3.0,4,80,1,9.0,3.0,3.0,3.0,2,0,2
42.0,No,Travel_Rarely,1059.0,Research & Development,9,2,Other,1,1595,4.0,Male,93,2,5,Manager,4.0,Single,16536.0,26362,8.0,Y,No,22,4.0,4,80,0,24.0,2.0,3.0,1.0,0,0,1
35.0,No,Travel_Rarely,750.0,Research & Development,28,3,Life Sciences,1,1596,2.0,Male,46,4,2,Laboratory Technician,3.0,Married,3407.0,25348,1.0,Y,No,17,3.0,4,80,2,10.0,3.0,2.0,10.0,9,6,8
34.0,No,Travel_Frequently,653.0,Research & Development,10,4,Technical Degree,1,1597,4.0,Male,92,2,2,Healthcare Representative,3.0,Married,5063.0,15332,1.0,Y,No,14,3.0,2,80,1,8.0,3.0,2.0,8.0,2,7,7
40.0,No,Travel_Rarely,118.0,Sales,14,2,Life Sciences,1,1598,4.0,Female,84,3,2,Sales Executive,1.0,Married,4639.0,11262,1.0,Y,No,15,3.0,3,80,1,5.0,2.0,3.0,5.0,4,1,2
43.0,No,Travel_Rarely,990.0,Research & Development,27,3,Technical Degree,1,1599,4.0,Male,87,4,1,Laboratory Technician,2.0,Divorced,4876.0,5855,5.0,Y,No,12,3.0,3,80,1,8.0,0.0,3.0,6.0,4,0,2
35.0,No,Travel_Rarely,1349.0,Research & Development,7,2,Life Sciences,1,1601,3.0,Male,63,2,1,Laboratory Technician,4.0,Married,2690.0,7713,1.0,Y,No,18,3.0,4,80,1,1.0,5.0,2.0,1.0,0,0,1
46.0,No,Travel_Rarely,563.0,Sales,1,4,Life Sciences,1,1602,4.0,Male,56,4,4,Manager,1.0,Single,16536.0,3156,1.0,Y,No,15,3.0,2,80,0,27.0,5.0,1.0,26.0,0,0,12
28.0,Yes,Travel_Rarely,329.0,Research & Development,24,3,Medical,1,1604,3.0,Male,51,3,1,Laboratory Technician,2.0,Married,2408.0,7324,1.0,Y,Yes,17,3.0,3,80,3,1.0,3.0,3.0,1.0,1,0,0
22.0,No,Non-Travel,457.0,Research & Development,26,2,Other,1,1605,2.0,Female,85,2,1,Research Scientist,3.0,Married,2814.0,10293,1.0,Y,Yes,14,3.0,2,80,0,4.0,2.0,2.0,4.0,2,1,3
50.0,No,Travel_Frequently,1234.0,Research & Development,20,5,Medical,1,1606,2.0,Male,41,3,4,Healthcare Representative,3.0,Married,11245.0,20689,2.0,Y,Yes,15,3.0,3,80,1,28.5,3.0,3.0,30.0,8,12,13
32.0,No,Travel_Rarely,634.0,Research & Development,5,4,Other,1,1607,2.0,Female,35,4,1,Research Scientist,4.0,Married,3312.0,18783,3.0,Y,No,17,3.0,4,80,2,6.0,3.0,3.0,3.0,2,0,2
44.0,No,Travel_Rarely,1313.0,Research & Development,7,3,Medical,1,1608,2.0,Female,31,3,5,Research Director,4.0,Divorced,16536.0,3549,0.0,Y,Yes,14,3.0,4,80,1,23.0,4.0,2.0,22.0,7,1,10
30.0,No,Travel_Rarely,241.0,Research & Development,7,3,Medical,1,1609,2.0,Male,48,2,1,Research Scientist,2.0,Married,2141.0,5348,1.0,Y,No,12,3.0,2,80,1,6.0,3.0,2.0,6.0,4,1,1
45.0,No,Travel_Rarely,1015.0,Research & Development,5,5,Medical,1,1611,3.0,Female,50,1,2,Laboratory Technician,1.0,Single,5769.0,23447,1.0,Y,Yes,14,3.0,1,80,0,10.0,3.0,3.0,10.0,7,1,4
45.0,No,Non-Travel,336.0,Sales,26,3,Marketing,1,1612,1.0,Male,52,2,2,Sales Executive,1.0,Married,4385.0,24162,1.0,Y,No,15,3.0,1,80,1,10.0,2.0,3.0,10.0,7,4,5
31.0,No,Travel_Frequently,715.0,Sales,2,4,Other,1,1613,4.0,Male,54,3,2,Sales Executive,1.0,Single,5332.0,21602,7.0,Y,No,13,3.0,4,80,0,10.0,3.0,3.0,5.0,2,0,3
36.0,No,Travel_Rarely,559.0,Research & Development,12,4,Life Sciences,1,1614,3.0,Female,76,3,2,Manufacturing Director,3.0,Married,4663.0,12421,9.0,Y,Yes,12,3.0,2,80,2,7.0,2.0,3.0,3.0,2,1,1
34.0,No,Travel_Frequently,426.0,Research & Development,10,4,Life Sciences,1,1615,3.0,Male,42,4,2,Manufacturing Director,4.0,Divorced,4724.0,17000,1.0,Y,No,13,3.0,1,80,1,9.0,3.0,3.0,9.0,7,7,2
49.0,No,Travel_Rarely,722.0,Research & Development,25,4,Life Sciences,1,1617,3.0,Female,84,3,1,Laboratory Technician,1.0,Married,3211.0,22102,1.0,Y,No,14,3.0,4,80,1,10.0,3.0,2.0,9.0,6,1,4
39.0,No,Travel_Rarely,1387.0,Research & Development,10,5,Medical,1,1618,2.0,Male,76,3,2,Manufacturing Director,1.0,Married,5377.0,3835,2.0,Y,No,13,3.0,4,80,3,10.0,3.0,3.0,7.0,7,7,7
27.0,No,Travel_Rarely,1302.0,Research & Development,19,3,Other,1,1619,4.0,Male,67,2,1,Laboratory Technician,1.0,Divorced,4066.0,16290,1.0,Y,No,11,3.0,1,80,2,7.0,3.0,3.0,7.0,7,0,7
35.0,No,Travel_Rarely,819.0,Research & Development,18,5,Life Sciences,1,1621,2.0,Male,48,4,2,Research Scientist,1.0,Married,5208.0,26312,1.0,Y,No,11,3.0,4,80,0,16.0,2.0,3.0,16.0,15,1,10
28.0,No,Travel_Rarely,580.0,Research & Development,27,3,Medical,1,1622,2.0,Female,39,1,2,Manufacturing Director,1.0,Divorced,4877.0,20460,0.0,Y,No,21,4.0,2,80,1,6.0,5.0,2.0,5.0,3,0,0
21.0,No,Travel_Rarely,546.0,Research & Development,5,1,Medical,1,1623,3.0,Male,97,3,1,Research Scientist,4.0,Single,3117.0,26009,1.0,Y,No,18,3.0,3,80,0,3.0,2.0,3.0,2.0,2,2,2
18.0,Yes,Travel_Frequently,544.0,Sales,3,2,Medical,1,1624,2.0,Female,70,3,1,Sales Representative,4.0,Single,1569.0,18420,1.0,Y,Yes,12,3.0,3,80,0,1.0,2.0,4.0,0.0,0,0,0
47.0,No,Travel_Rarely,1176.0,Human Resources,26,4,Life Sciences,1,1625,4.0,Female,98,3,5,Manager,3.0,Married,16536.0,5220,3.0,Y,No,11,3.0,3,80,1,27.0,2.0,3.0,5.0,2,1,0
39.0,No,Travel_Rarely,170.0,Research & Development,3,2,Medical,1,1627,3.0,Male,76,2,2,Laboratory Technician,3.0,Divorced,3069.0,10302,0.0,Y,No,15,3.0,4,80,1,11.0,3.0,3.0,10.0,8,0,7
40.0,No,Travel_Rarely,884.0,Research & Development,15,3,Life Sciences,1,1628,1.0,Female,80,2,3,Manufacturing Director,3.0,Married,10435.0,25800,1.0,Y,No,13,3.0,4,80,2,18.0,2.0,3.0,18.0,15,14,12
35.0,No,Non-Travel,208.0,Research & Development,8,4,Life Sciences,1,1630,3.0,Female,52,3,2,Healthcare Representative,3.0,Married,4148.0,12250,1.0,Y,No,12,3.0,4,80,1,15.0,5.0,3.0,14.0,11,2,9
37.0,No,Travel_Rarely,671.0,Research & Development,19,3,Life Sciences,1,1631,3.0,Male,85,3,2,Manufacturing Director,3.0,Married,5768.0,26493,3.0,Y,No,17,3.0,1,80,3,9.0,2.0,2.0,4.0,3,0,2
39.0,No,Travel_Frequently,711.0,Research & Development,4,3,Medical,1,1633,1.0,Female,81,3,2,Manufacturing Director,3.0,Single,5042.0,3140,0.0,Y,No,13,3.0,4,80,0,10.0,2.0,1.0,9.0,2,3,8
45.0,No,Travel_Rarely,1329.0,Research & Development,2,2,Other,1,1635,4.0,Female,59,2,2,Manufacturing Director,4.0,Divorced,5770.0,5388,1.0,Y,No,19,3.0,1,80,2,10.0,3.0,3.0,10.0,7,3,9
38.0,No,Travel_Rarely,397.0,Research & Development,2,2,Medical,1,1638,4.0,Female,54,2,3,Manufacturing Director,3.0,Married,7756.0,14199,3.0,Y,Yes,19,3.0,4,80,1,10.0,6.0,4.0,5.0,4,0,2
35.0,Yes,Travel_Rarely,737.0,Sales,10,3,Medical,1,1639,4.0,Male,55,2,3,Sales Executive,1.0,Married,10306.0,21530,9.0,Y,No,17,3.0,3,80,0,15.0,3.0,3.0,13.0,12,6,0
37.0,No,Travel_Rarely,1470.0,Research & Development,10,3,Medical,1,1640,2.0,Female,71,3,1,Research Scientist,2.0,Married,3936.0,9953,1.0,Y,No,11,3.0,1,80,1,8.0,2.0,1.0,8.0,4,7,7
40.0,No,Travel_Rarely,448.0,Research & Development,16,3,Life Sciences,1,1641,3.0,Female,84,3,3,Manufacturing Director,4.0,Single,7945.0,19948,6.0,Y,Yes,15,3.0,4,80,0,18.0,2.0,2.0,4.0,2,3,3
44.0,No,Travel_Frequently,602.0,Human Resources,1,5,Human Resources,1,1642,1.0,Male,37,3,2,Human Resources,4.0,Married,5743.0,10503,4.0,Y,Yes,11,3.0,3,80,0,14.0,3.0,3.0,10.0,7,0,2
48.0,No,Travel_Frequently,365.0,Research & Development,4,5,Medical,1,1644,3.0,Male,89,2,4,Manager,4.0,Married,15202.0,5602,2.0,Y,No,25,4.0,2,80,1,23.0,3.0,3.0,2.0,2,2,2
35.0,Yes,Travel_Rarely,763.0,Sales,15,2,Medical,1,1645,1.0,Male,59,1,2,Sales Executive,4.0,Divorced,5440.0,22098,6.0,Y,Yes,14,3.0,4,80,2,7.0,2.0,2.0,2.0,2,2,2
24.0,No,Travel_Frequently,567.0,Research & Development,2,1,Technical Degree,1,1646,1.0,Female,32,3,1,Research Scientist,4.0,Single,3760.0,17218,1.0,Y,Yes,13,3.0,3,80,0,6.0,2.0,3.0,6.0,3,1,3
27.0,No,Travel_Rarely,486.0,Research & Development,8,3,Medical,1,1647,2.0,Female,86,4,1,Research Scientist,3.0,Married,3517.0,22490,7.0,Y,No,17,3.0,1,80,0,5.0,0.0,3.0,3.0,2,0,2
27.0,No,Travel_Frequently,591.0,Research & Development,2,3,Medical,1,1648,4.0,Male,87,3,1,Research Scientist,4.0,Single,2580.0,6297,2.0,Y,No,13,3.0,3,80,0,6.0,0.0,2.0,4.0,2,1,2
40.0,Yes,Travel_Rarely,1329.0,Research & Development,7,3,Life Sciences,1,1649,1.0,Male,73,3,1,Laboratory Technician,1.0,Single,2166.0,3339,3.0,Y,Yes,14,3.0,2,80,0,10.0,3.0,1.0,4.0,2,0,3
29.0,No,Travel_Rarely,469.0,Sales,10,3,Medical,1,1650,3.0,Male,42,2,2,Sales Executive,3.0,Single,5869.0,23413,9.0,Y,No,11,3.0,3,80,0,8.0,2.0,3.0,5.0,2,1,4
36.0,No,Travel_Rarely,711.0,Research & Development,5,4,Life Sciences,1,1651,2.0,Female,42,3,3,Healthcare Representative,1.0,Married,8008.0,22792,4.0,Y,No,12,3.0,3,80,2,9.0,6.0,3.0,3.0,2,0,2
25.0,No,Travel_Frequently,772.0,Research & Development,2,1,Life Sciences,1,1653,4.0,Male,77,4,2,Manufacturing Director,3.0,Divorced,5206.0,4973,1.0,Y,No,17,3.0,3,80,2,7.0,6.0,3.0,7.0,7,0,7
39.0,No,Travel_Rarely,492.0,Research & Development,12,3,Medical,1,1654,4.0,Male,66,3,2,Manufacturing Director,2.0,Married,5295.0,7693,4.0,Y,No,21,4.0,3,80,0,7.0,3.0,3.0,5.0,4,1,0
49.0,No,Travel_Rarely,301.0,Research & Development,22,4,Other,1,1655,1.0,Female,72,3,4,Research Director,2.0,Married,16413.0,3498,3.0,Y,No,16,3.0,2,80,2,27.0,2.0,3.0,4.0,2,1,2
50.0,No,Travel_Rarely,813.0,Research & Development,17,5,Life Sciences,1,1656,4.0,Female,50,2,3,Research Director,1.0,Divorced,13269.0,21981,5.0,Y,No,15,3.0,3,80,3,19.0,3.0,3.0,14.0,11,1,11
20.0,No,Travel_Rarely,1141.0,Sales,2,3,Medical,1,1657,3.0,Female,31,3,1,Sales Representative,3.0,Single,2783.0,13251,1.0,Y,No,19,3.0,1,80,0,2.0,3.0,3.0,2.0,2,2,2
34.0,No,Travel_Rarely,1130.0,Research & Development,3,3,Life Sciences,1,1658,4.0,Female,66,3,2,Research Scientist,2.0,Divorced,5433.0,19332,1.0,Y,No,12,3.0,3,80,1,11.0,2.0,3.0,11.0,8,7,9
36.0,No,Travel_Rarely,311.0,Research & Development,7,3,Life Sciences,1,1659,1.0,Male,77,3,1,Laboratory Technician,2.0,Single,2013.0,10950,2.0,Y,No,11,3.0,3,80,0,15.0,4.0,3.0,4.0,3,1,3
49.0,No,Travel_Rarely,465.0,Research & Development,6,1,Life Sciences,1,1661,3.0,Female,41,2,4,Healthcare Representative,3.0,Married,13966.0,11652,2.0,Y,Yes,19,3.0,2,80,1,28.5,3.0,3.0,15.0,11,2,12
36.0,No,Non-Travel,894.0,Research & Development,1,4,Medical,1,1662,4.0,Female,33,2,2,Manufacturing Director,3.0,Married,4374.0,15411,0.0,Y,No,15,3.0,3,80,0,4.0,6.0,3.0,3.0,2,1,2
36.0,No,Travel_Rarely,1040.0,Research & Development,3,2,Life Sciences,1,1664,4.0,Male,79,4,2,Healthcare Representative,1.0,Divorced,6842.0,26308,6.0,Y,No,20,4.0,1,80,1,13.0,3.0,3.0,5.0,4,0,4
54.0,No,Travel_Rarely,584.0,Research & Development,22,5,Medical,1,1665,2.0,Female,91,3,4,Manager,3.0,Married,16536.0,18685,3.0,Y,No,25,4.0,3,80,1,28.5,6.0,3.0,10.0,8,4,7
43.0,No,Travel_Rarely,1291.0,Research & Development,15,2,Life Sciences,1,1666,3.0,Male,65,2,4,Research Director,3.0,Married,16536.0,3525,1.0,Y,No,24,4.0,1,80,1,14.0,3.0,3.0,14.0,10,6,11
35.0,Yes,Travel_Frequently,880.0,Sales,12,4,Other,1,1667,4.0,Male,36,3,2,Sales Executive,4.0,Single,4581.0,10414,3.0,Y,Yes,24,4.0,1,80,0,13.0,2.0,4.0,11.0,9,6,7
38.0,No,Travel_Frequently,1189.0,Research & Development,1,3,Life Sciences,1,1668,4.0,Male,90,3,2,Research Scientist,4.0,Married,4735.0,9867,7.0,Y,No,15,3.0,4,80,2,19.0,4.0,4.0,13.0,11,2,9
29.0,No,Travel_Rarely,991.0,Sales,5,3,Medical,1,1669,1.0,Male,43,2,2,Sales Executive,2.0,Divorced,4187.0,3356,1.0,Y,Yes,13,3.0,2,80,1,10.0,3.0,2.0,10.0,0,0,9
33.0,No,Travel_Rarely,392.0,Sales,2,4,Medical,1,1670,4.0,Male,93,3,2,Sales Executive,4.0,Divorced,5505.0,3921,1.0,Y,No,14,3.0,3,80,2,6.0,5.0,3.0,6.0,2,0,4
32.0,No,Travel_Rarely,977.0,Research & Development,2,3,Medical,1,1671,4.0,Male,45,3,2,Research Scientist,2.0,Divorced,5470.0,25518,0.0,Y,No,13,3.0,3,80,2,10.0,4.0,2.0,9.0,5,1,6
31.0,No,Travel_Rarely,1112.0,Sales,5,4,Life Sciences,1,1673,1.0,Female,67,3,2,Sales Executive,4.0,Married,5476.0,22589,1.0,Y,No,11,3.0,1,80,2,10.0,2.0,3.0,10.0,0,0,2
49.0,No,Travel_Rarely,464.0,Research & Development,16,3,Medical,1,1674,4.0,Female,74,3,1,Laboratory Technician,1.0,Divorced,2587.0,24941,4.0,Y,Yes,16,3.0,2,80,1,17.0,2.0,2.0,2.0,2,2,2
38.0,No,Travel_Frequently,148.0,Research & Development,2,3,Medical,1,1675,4.0,Female,42,2,1,Laboratory Technician,2.0,Single,2440.0,23826,1.0,Y,No,22,4.0,2,80,0,4.0,3.0,3.0,4.0,3,3,3
47.0,No,Travel_Rarely,1225.0,Sales,2,4,Life Sciences,1,1676,2.0,Female,47,4,4,Manager,2.0,Divorced,15972.0,21086,6.0,Y,No,14,3.0,3,80,3,28.5,2.0,3.0,3.0,2,1,2
49.0,No,Travel_Rarely,809.0,Research & Development,1,3,Life Sciences,1,1677,3.0,Male,36,3,4,Manager,3.0,Single,15379.0,22384,4.0,Y,No,14,3.0,1,80,0,23.0,2.0,3.0,8.0,7,0,0
41.0,No,Travel_Rarely,1206.0,Sales,23,2,Life Sciences,1,1678,4.0,Male,80,3,3,Sales Executive,3.0,Single,7082.0,11591,3.0,Y,Yes,16,3.0,4,80,0,21.0,2.0,3.0,2.0,0,0,2
20.0,No,Travel_Rarely,727.0,Sales,9,1,Life Sciences,1,1680,4.0,Male,54,3,1,Sales Representative,1.0,Single,2728.0,21082,1.0,Y,No,11,3.0,1,80,0,2.0,3.0,3.0,2.0,2,0,2
33.0,No,Non-Travel,530.0,Sales,16,3,Life Sciences,1,1681,3.0,Female,36,3,2,Sales Executive,4.0,Divorced,5368.0,16130,1.0,Y,Yes,25,4.0,3,80,1,7.0,2.0,3.0,6.0,5,1,2
36.0,No,Travel_Rarely,1351.0,Research & Development,26,4,Life Sciences,1,1682,1.0,Male,80,3,2,Healthcare Representative,3.0,Married,5347.0,7419,6.0,Y,No,14,3.0,2,80,2,10.0,2.0,2.0,3.0,2,0,2
44.0,No,Travel_Rarely,528.0,Human Resources,1,3,Life Sciences,1,1683,3.0,Female,44,3,1,Human Resources,4.0,Divorced,3195.0,4167,4.0,Y,Yes,18,3.0,1,80,3,8.0,2.0,3.0,2.0,2,2,2
23.0,Yes,Travel_Rarely,1320.0,Research & Development,8,1,Medical,1,1684,4.0,Male,93,2,1,Laboratory Technician,3.0,Single,3989.0,20586,1.0,Y,Yes,11,3.0,1,80,0,5.0,2.0,3.0,5.0,4,1,2
38.0,No,Travel_Rarely,1495.0,Research & Development,4,2,Medical,1,1687,4.0,Female,87,3,1,Laboratory Technician,3.0,Married,3306.0,26176,7.0,Y,No,19,3.0,4,80,1,7.0,5.0,2.0,0.0,0,0,0
53.0,No,Travel_Rarely,1395.0,Research & Development,24,4,Medical,1,1689,2.0,Male,48,4,3,Healthcare Representative,4.0,Married,7005.0,3458,3.0,Y,No,15,3.0,3,80,0,11.0,2.0,3.0,4.0,3,1,2
48.0,Yes,Travel_Frequently,708.0,Sales,7,2,Medical,1,1691,4.0,Female,95,3,1,Sales Representative,3.0,Married,2655.0,11740,2.0,Y,Yes,11,3.0,3,80,2,19.0,3.0,3.0,9.0,7,7,7
32.0,Yes,Travel_Rarely,1259.0,Research & Development,2,4,Life Sciences,1,1692,4.0,Male,95,3,1,Laboratory Technician,2.0,Single,1393.0,24852,1.0,Y,No,12,3.0,1,80,0,1.0,2.0,3.0,1.0,0,0,0
26.0,No,Non-Travel,786.0,Research & Development,7,3,Medical,1,1693,4.0,Male,76,3,1,Laboratory Technician,4.0,Single,2570.0,11925,1.0,Y,No,20,4.0,3,80,0,7.0,5.0,3.0,7.0,7,5,7
55.0,No,Travel_Rarely,1441.0,Research & Development,22,3,Technical Degree,1,1694,1.0,Male,94,2,1,Research Scientist,2.0,Divorced,3537.0,23737,5.0,Y,No,12,3.0,4,80,1,8.0,1.0,3.0,4.0,2,1,2
34.0,No,Travel_Rarely,1157.0,Research & Development,5,2,Medical,1,1696,2.0,Male,57,2,2,Laboratory Technician,4.0,Married,3986.0,11912,1.0,Y,No,14,3.0,3,80,1,15.0,3.0,4.0,15.0,10,4,13
60.0,No,Travel_Rarely,370.0,Research & Development,1,4,Medical,1,1697,3.0,Male,92,1,3,Healthcare Representative,4.0,Divorced,10883.0,20467,3.0,Y,No,20,4.0,3,80,1,19.0,2.0,4.0,1.0,0,0,0
33.0,No,Travel_Rarely,267.0,Research & Development,21,3,Medical,1,1698,2.0,Male,79,4,1,Laboratory Technician,2.0,Married,2028.0,13637,1.0,Y,No,18,3.0,4,80,3,14.0,6.0,3.0,14.0,11,2,13
37.0,No,Travel_Frequently,1278.0,Sales,1,4,Medical,1,1700,3.0,Male,31,1,2,Sales Executive,4.0,Divorced,9525.0,7677,1.0,Y,No,14,3.0,3,80,2,6.0,2.0,2.0,6.0,3,1,3
34.0,No,Travel_Rarely,678.0,Research & Development,19,3,Life Sciences,1,1701,2.0,Female,35,2,1,Research Scientist,4.0,Married,2929.0,20338,1.0,Y,No,12,3.0,2,80,0,10.0,3.0,3.0,10.0,9,8,7
23.0,Yes,Travel_Rarely,427.0,Sales,7,3,Life Sciences,1,1702,3.0,Male,99,3,1,Sales Representative,4.0,Divorced,2275.0,25103,1.0,Y,Yes,21,4.0,2,80,1,3.0,2.0,3.0,3.0,2,0,2
44.0,No,Travel_Rarely,921.0,Research & Development,2,3,Life Sciences,1,1703,3.0,Female,96,4,3,Healthcare Representative,4.0,Married,7879.0,14810,1.0,Y,Yes,19,3.0,2,80,1,9.0,2.0,3.0,8.0,7,6,7
35.0,No,Travel_Frequently,146.0,Research & Development,2,4,Medical,1,1704,1.0,Male,79,2,1,Research Scientist,4.0,Single,4930.0,13970,0.0,Y,Yes,14,3.0,3,80,0,6.0,2.0,4.0,5.0,4,1,4
43.0,No,Travel_Rarely,1179.0,Sales,2,3,Medical,1,1706,4.0,Male,73,3,2,Sales Executive,4.0,Married,7847.0,6069,1.0,Y,Yes,17,3.0,1,80,1,10.0,3.0,3.0,10.0,9,8,8
24.0,No,Travel_Rarely,581.0,Research & Development,9,3,Medical,1,1707,3.0,Male,62,4,1,Research Scientist,3.0,Married,4401.0,17616,1.0,Y,No,16,3.0,4,80,1,5.0,1.0,3.0,5.0,3,0,4
41.0,No,Travel_Rarely,918.0,Sales,6,3,Marketing,1,1708,4.0,Male,35,3,3,Sales Executive,3.0,Single,9241.0,15869,1.0,Y,No,12,3.0,2,80,0,10.0,3.0,3.0,10.0,8,8,7
29.0,No,Travel_Rarely,1082.0,Research & Development,9,4,Medical,1,1709,4.0,Female,43,3,1,Laboratory Technician,3.0,Married,2974.0,25412,9.0,Y,No,17,3.0,3,80,1,9.0,2.0,3.0,5.0,3,1,2
36.0,No,Travel_Rarely,530.0,Sales,2,4,Life Sciences,1,1710,3.0,Female,51,3,2,Sales Representative,4.0,Single,4502.0,7439,3.0,Y,No,15,3.0,3,80,0,17.0,2.0,2.0,13.0,7,6,7
45.0,No,Non-Travel,1238.0,Research & Development,1,1,Life Sciences,1,1712,3.0,Male,74,2,3,Healthcare Representative,3.0,Married,10748.0,3395,3.0,Y,No,23,4.0,4,80,1,25.0,3.0,2.0,23.0,15,14,4
24.0,Yes,Travel_Rarely,240.0,Human Resources,22,1,Human Resources,1,1714,4.0,Male,58,1,1,Human Resources,3.0,Married,1555.0,11585,1.0,Y,No,11,3.0,3,80,1,1.0,2.0,3.0,1.0,0,0,0
47.0,Yes,Travel_Frequently,1093.0,Sales,9,3,Life Sciences,1,1716,3.0,Male,82,1,4,Sales Executive,3.0,Married,12936.0,24164,7.0,Y,No,11,3.0,3,80,0,25.0,3.0,1.0,23.0,5,14,10
26.0,No,Travel_Rarely,390.0,Research & Development,17,4,Medical,1,1718,4.0,Male,62,1,1,Laboratory Technician,3.0,Married,2305.0,6217,1.0,Y,No,15,3.0,3,80,3,3.0,3.0,4.0,3.0,2,0,2
45.0,No,Travel_Rarely,1005.0,Research & Development,28,2,Technical Degree,1,1719,4.0,Female,48,2,4,Research Director,2.0,Single,16536.0,17119,1.0,Y,No,11,3.0,3,80,0,21.0,2.0,3.0,21.0,6,8,6
32.0,No,Travel_Frequently,585.0,Research & Development,10,3,Life Sciences,1,1720,1.0,Male,56,3,1,Research Scientist,3.0,Married,3433.0,17360,6.0,Y,No,13,3.0,1,80,1,10.0,3.0,2.0,5.0,2,1,3
31.0,No,Travel_Rarely,741.0,Research & Development,2,4,Life Sciences,1,1721,2.0,Male,69,3,1,Laboratory Technician,3.0,Married,3477.0,18103,1.0,Y,No,14,3.0,4,80,1,6.0,2.0,4.0,5.0,2,0,3
41.0,No,Non-Travel,552.0,Human Resources,4,3,Human Resources,1,1722,3.0,Male,60,1,2,Human Resources,2.0,Married,6430.0,20794,6.0,Y,No,19,3.0,2,80,1,10.0,4.0,3.0,3.0,2,1,2
40.0,No,Travel_Rarely,369.0,Research & Development,8,2,Life Sciences,1,1724,2.0,Female,92,3,2,Manufacturing Director,1.0,Married,6516.0,5041,2.0,Y,Yes,16,3.0,2,80,1,18.0,3.0,3.0,1.0,0,0,0
24.0,No,Travel_Rarely,506.0,Research & Development,29,1,Medical,1,1725,2.0,Male,91,3,1,Laboratory Technician,1.0,Divorced,3907.0,3622,1.0,Y,No,13,3.0,2,80,3,6.0,2.0,4.0,6.0,2,1,2
46.0,No,Travel_Rarely,717.0,Research & Development,13,4,Life Sciences,1,1727,3.0,Male,34,3,2,Healthcare Representative,2.0,Single,5562.0,9697,6.0,Y,No,14,3.0,4,80,0,19.0,3.0,3.0,10.0,7,0,9
35.0,No,Travel_Rarely,1370.0,Research & Development,27,4,Life Sciences,1,1728,4.0,Male,49,3,2,Manufacturing Director,3.0,Married,6883.0,5151,2.0,Y,No,16,3.0,2,80,1,17.0,3.0,3.0,7.0,7,0,7
30.0,No,Travel_Rarely,793.0,Research & Development,16,1,Life Sciences,1,1729,2.0,Male,33,3,1,Research Scientist,4.0,Married,2862.0,3811,1.0,Y,No,12,3.0,2,80,1,10.0,2.0,2.0,10.0,0,0,8
47.0,No,Non-Travel,543.0,Sales,2,4,Marketing,1,1731,3.0,Male,87,3,2,Sales Executive,2.0,Married,4978.0,3536,7.0,Y,No,11,3.0,4,80,1,4.0,3.0,1.0,1.0,0,0,0
46.0,No,Travel_Rarely,1277.0,Sales,2,3,Life Sciences,1,1732,3.0,Male,74,3,3,Sales Executive,4.0,Divorced,10368.0,5596,4.0,Y,Yes,12,3.0,2,80,1,13.0,5.0,2.0,10.0,6,0,3
36.0,Yes,Travel_Rarely,1456.0,Sales,13,5,Marketing,1,1733,2.0,Male,96,2,2,Sales Executive,1.0,Divorced,6134.0,8658,5.0,Y,Yes,13,3.0,2,80,3,16.0,3.0,3.0,2.0,2,2,2
32.0,Yes,Travel_Rarely,964.0,Sales,1,2,Life Sciences,1,1734,1.0,Male,34,1,2,Sales Executive,2.0,Single,6735.0,12147,6.0,Y,No,15,3.0,2,80,0,10.0,2.0,3.0,0.0,0,0,0
23.0,No,Travel_Rarely,160.0,Research & Development,4,1,Medical,1,1735,3.0,Female,51,3,1,Laboratory Technician,2.0,Single,3295.0,12862,1.0,Y,No,13,3.0,3,80,0,3.0,3.0,1.0,3.0,2,1,2
31.0,No,Travel_Frequently,163.0,Research & Development,24,1,Technical Degree,1,1736,4.0,Female,30,3,2,Manufacturing Director,4.0,Single,5238.0,6670,2.0,Y,No,20,4.0,4,80,0,9.0,3.0,2.0,5.0,4,1,4
39.0,No,Non-Travel,792.0,Research & Development,1,3,Life Sciences,1,1737,4.0,Male,77,3,2,Laboratory Technician,4.0,Married,6472.0,8989,1.0,Y,Yes,15,3.0,4,80,1,9.0,2.0,3.0,9.0,8,5,8
32.0,No,Travel_Rarely,371.0,Sales,19,3,Life Sciences,1,1739,4.0,Male,80,1,3,Sales Executive,3.0,Married,9610.0,3840,3.0,Y,No,13,3.0,3,80,1,10.0,2.0,1.0,4.0,3,0,2
40.0,No,Travel_Rarely,611.0,Sales,7,4,Medical,1,1740,2.0,Male,88,3,5,Manager,2.0,Single,16536.0,4349,1.0,Y,No,14,3.0,2,80,0,21.0,3.0,2.0,21.0,8,12,8
45.0,No,Travel_Rarely,176.0,Human Resources,4,3,Life Sciences,1,1744,3.0,Female,56,1,3,Human Resources,3.0,Married,9756.0,6595,4.0,Y,No,21,4.0,3,80,2,9.0,2.0,4.0,5.0,0,0,3
30.0,No,Travel_Frequently,1312.0,Research & Development,2,4,Technical Degree,1,1745,4.0,Female,78,2,1,Research Scientist,1.0,Single,4968.0,26427,0.0,Y,No,16,3.0,4,80,0,10.0,2.0,3.0,9.0,7,0,7
24.0,No,Travel_Frequently,897.0,Human Resources,10,3,Medical,1,1746,1.0,Male,59,3,1,Human Resources,4.0,Married,2145.0,2097,0.0,Y,No,14,3.0,4,80,1,3.0,2.0,3.0,2.0,2,2,1
30.0,Yes,Travel_Frequently,600.0,Human Resources,8,3,Human Resources,1,1747,3.0,Female,66,2,1,Human Resources,4.0,Divorced,2180.0,9732,6.0,Y,No,11,3.0,3,80,1,6.0,0.0,2.0,4.0,2,1,2
31.0,No,Travel_Rarely,1003.0,Sales,5,3,Technical Degree,1,1749,1.0,Male,51,3,2,Sales Executive,3.0,Married,8346.0,20943,1.0,Y,No,19,3.0,3,80,1,6.0,3.0,3.0,5.0,2,0,2
27.0,No,Travel_Rarely,1054.0,Research & Development,8,3,Medical,1,1751,3.0,Female,67,3,1,Research Scientist,4.0,Single,3445.0,6152,1.0,Y,No,11,3.0,3,80,0,6.0,5.0,2.0,6.0,2,1,4
29.0,Yes,Travel_Rarely,428.0,Sales,9,3,Marketing,1,1752,2.0,Female,52,1,1,Sales Representative,2.0,Single,2760.0,14630,1.0,Y,No,13,3.0,3,80,0,2.0,3.0,3.0,2.0,2,2,2
29.0,No,Travel_Frequently,461.0,Research & Development,1,3,Life Sciences,1,1753,4.0,Male,70,4,2,Healthcare Representative,3.0,Single,6294.0,23060,8.0,Y,Yes,12,3.0,4,80,0,10.0,5.0,4.0,3.0,2,0,2
30.0,No,Travel_Rarely,979.0,Sales,15,2,Marketing,1,1754,3.0,Male,94,2,3,Sales Executive,1.0,Divorced,7140.0,3088,2.0,Y,No,11,3.0,1,80,1,12.0,2.0,3.0,7.0,7,1,7
34.0,No,Travel_Rarely,181.0,Research & Development,2,4,Medical,1,1755,4.0,Male,97,4,1,Research Scientist,4.0,Married,2932.0,5586,0.0,Y,Yes,14,3.0,1,80,3,6.0,3.0,3.0,5.0,0,1,2
33.0,No,Non-Travel,1283.0,Sales,2,3,Marketing,1,1756,4.0,Female,62,3,2,Sales Executive,2.0,Single,5147.0,10697,8.0,Y,No,15,3.0,4,80,0,13.0,2.0,2.0,11.0,7,1,7
49.0,No,Travel_Rarely,1313.0,Sales,11,4,Marketing,1,1757,4.0,Female,80,3,2,Sales Executive,4.0,Single,4507.0,8191,3.0,Y,No,12,3.0,3,80,0,8.0,1.0,4.0,5.0,1,0,4
33.0,Yes,Travel_Rarely,211.0,Sales,16,3,Life Sciences,1,1758,1.0,Female,74,3,3,Sales Executive,1.0,Single,8564.0,10092,2.0,Y,Yes,20,4.0,3,80,0,11.0,2.0,2.0,0.0,0,0,0
38.0,No,Travel_Frequently,594.0,Research & Development,2,2,Medical,1,1760,3.0,Female,75,2,1,Laboratory Technician,2.0,Married,2468.0,15963,4.0,Y,No,14,3.0,2,80,1,9.0,4.0,2.0,6.0,1,0,5
31.0,Yes,Travel_Rarely,1079.0,Sales,16,4,Marketing,1,1761,1.0,Male,70,3,3,Sales Executive,3.0,Married,8161.0,19002,2.0,Y,No,13,3.0,1,80,3,10.0,2.0,3.0,1.0,0,0,0
29.0,No,Travel_Rarely,590.0,Research & Development,4,3,Technical Degree,1,1762,4.0,Female,91,2,1,Research Scientist,1.0,Divorced,2109.0,10007,1.0,Y,No,13,3.0,3,80,1,1.0,2.0,3.0,1.0,0,0,0
30.0,No,Travel_Rarely,305.0,Research & Development,16,3,Life Sciences,1,1763,3.0,Male,58,4,2,Healthcare Representative,3.0,Married,5294.0,9128,3.0,Y,No,16,3.0,3,80,1,10.0,3.0,3.0,7.0,0,1,7
32.0,No,Non-Travel,953.0,Research & Development,5,4,Technical Degree,1,1764,2.0,Male,65,3,1,Research Scientist,2.0,Single,2718.0,17674,2.0,Y,No,14,3.0,2,80,0,12.0,3.0,3.0,7.0,7,0,7
38.0,No,Travel_Rarely,833.0,Research & Development,18,3,Medical,1,1766,2.0,Male,60,1,2,Healthcare Representative,4.0,Married,5811.0,24539,3.0,Y,Yes,16,3.0,3,80,1,15.0,2.0,3.0,1.0,0,1,0
43.0,Yes,Travel_Frequently,807.0,Research & Development,17,3,Technical Degree,1,1767,3.0,Male,38,2,1,Research Scientist,3.0,Married,2437.0,15587,9.0,Y,Yes,16,3.0,4,80,1,6.0,4.0,3.0,1.0,0,0,0
42.0,No,Travel_Rarely,855.0,Research & Development,12,3,Medical,1,1768,2.0,Male,57,3,1,Laboratory Technician,2.0,Divorced,2766.0,8952,8.0,Y,No,22,4.0,2,80,3,7.0,6.0,2.0,5.0,3,0,4
55.0,No,Travel_Rarely,478.0,Research & Development,2,3,Medical,1,1770,3.0,Male,60,2,5,Research Director,1.0,Married,16536.0,19805,8.0,Y,No,12,3.0,2,80,3,28.5,2.0,3.0,1.0,0,0,0
33.0,No,Non-Travel,775.0,Research & Development,4,3,Technical Degree,1,1771,4.0,Male,90,3,2,Research Scientist,2.0,Divorced,3055.0,6194,5.0,Y,No,15,3.0,4,80,2,11.0,2.0,2.0,9.0,8,1,7
41.0,No,Travel_Rarely,548.0,Research & Development,9,4,Life Sciences,1,1772,3.0,Male,94,3,1,Laboratory Technician,1.0,Divorced,2289.0,20520,1.0,Y,No,20,4.0,2,80,2,5.0,2.0,3.0,5.0,3,0,4
34.0,No,Non-Travel,1375.0,Sales,10,3,Life Sciences,1,1774,4.0,Male,87,3,2,Sales Executive,3.0,Divorced,4001.0,12313,1.0,Y,Yes,14,3.0,3,80,1,15.0,3.0,3.0,15.0,14,0,7
53.0,No,Non-Travel,661.0,Research & Development,1,4,Medical,1,1775,1.0,Female,60,2,4,Manufacturing Director,3.0,Married,12965.0,22308,4.0,Y,Yes,20,4.0,4,80,3,27.0,2.0,2.0,3.0,2,0,2
43.0,No,Travel_Rarely,244.0,Human Resources,2,3,Life Sciences,1,1778,2.0,Male,97,3,1,Human Resources,4.0,Single,3539.0,5033,0.0,Y,No,13,3.0,2,80,0,10.0,5.0,3.0,9.0,7,1,8
34.0,No,Travel_Rarely,511.0,Sales,3,2,Life Sciences,1,1779,4.0,Female,32,1,2,Sales Executive,4.0,Single,6029.0,25353,5.0,Y,No,12,3.0,1,80,0,6.0,3.0,3.0,2.0,2,2,2
21.0,Yes,Travel_Rarely,337.0,Sales,7,1,Marketing,1,1780,2.0,Male,31,3,1,Sales Representative,2.0,Single,2679.0,4567,1.0,Y,No,13,3.0,2,80,0,1.0,3.0,3.0,1.0,0,1,0
38.0,No,Travel_Rarely,1153.0,Research & Development,6,2,Other,1,1782,4.0,Female,40,2,1,Laboratory Technician,3.0,Married,3702.0,16376,1.0,Y,No,11,3.0,2,80,1,5.0,3.0,3.0,5.0,4,0,4
22.0,Yes,Travel_Rarely,1294.0,Research & Development,8,1,Medical,1,1783,3.0,Female,79,3,1,Laboratory Technician,1.0,Married,2398.0,15999,1.0,Y,Yes,17,3.0,3,80,0,1.0,6.0,3.0,1.0,0,0,0
31.0,No,Travel_Rarely,196.0,Sales,29,4,Marketing,1,1784,1.0,Female,91,2,2,Sales Executive,4.0,Married,5468.0,13402,1.0,Y,No,14,3.0,1,80,2,13.0,3.0,3.0,12.0,7,5,7
51.0,No,Travel_Rarely,942.0,Research & Development,3,3,Technical Degree,1,1786,1.0,Female,53,3,3,Manager,3.0,Married,13116.0,22984,2.0,Y,No,11,3.0,4,80,0,15.0,2.0,3.0,2.0,2,2,2
37.0,No,Travel_Rarely,589.0,Sales,9,2,Marketing,1,1787,2.0,Male,46,2,2,Sales Executive,2.0,Married,4189.0,8800,1.0,Y,No,14,3.0,1,80,2,5.0,2.0,3.0,5.0,2,0,3
46.0,No,Travel_Rarely,734.0,Research & Development,2,4,Medical,1,1789,3.0,Male,46,3,5,Research Director,4.0,Divorced,16536.0,14218,7.0,Y,Yes,17,3.0,3,80,1,24.0,3.0,3.0,2.0,1,2,2
36.0,No,Travel_Rarely,1383.0,Research & Development,10,3,Life Sciences,1,1790,4.0,Male,90,3,3,Healthcare Representative,1.0,Married,8321.0,25949,7.0,Y,Yes,13,3.0,4,80,1,15.0,1.0,3.0,12.0,8,5,7
44.0,Yes,Travel_Frequently,429.0,Research & Development,1,2,Medical,1,1792,3.0,Male,99,3,1,Research Scientist,2.0,Divorced,2342.0,11092,1.0,Y,Yes,12,3.0,3,80,3,6.0,2.0,2.0,5.0,3,2,3
37.0,No,Travel_Rarely,1239.0,Human Resources,8,2,Other,1,1794,3.0,Male,89,3,2,Human Resources,2.0,Divorced,4071.0,12832,2.0,Y,No,13,3.0,3,80,0,19.0,4.0,2.0,10.0,0,4,7
35.0,Yes,Travel_Rarely,303.0,Sales,27,3,Life Sciences,1,1797,3.0,Male,84,3,2,Sales Executive,4.0,Single,5813.0,13492,1.0,Y,Yes,18,3.0,4,80,0,10.0,2.0,3.0,10.0,7,7,7
33.0,No,Travel_Rarely,867.0,Research & Development,8,4,Life Sciences,1,1798,4.0,Male,90,4,1,Research Scientist,1.0,Married,3143.0,6076,6.0,Y,No,19,3.0,2,80,1,14.0,1.0,3.0,10.0,8,7,6
28.0,No,Travel_Rarely,1181.0,Research & Development,1,3,Life Sciences,1,1799,3.0,Male,82,3,1,Research Scientist,4.0,Married,2044.0,5531,1.0,Y,No,11,3.0,3,80,1,5.0,6.0,4.0,5.0,3,0,3
39.0,No,Travel_Rarely,1253.0,Research & Development,10,1,Medical,1,1800,3.0,Male,65,3,3,Research Director,3.0,Single,13464.0,7914,7.0,Y,No,21,4.0,3,80,0,9.0,3.0,3.0,4.0,3,2,2
46.0,No,Non-Travel,849.0,Sales,26,2,Life Sciences,1,1801,2.0,Male,98,2,2,Sales Executive,2.0,Single,7991.0,25166,8.0,Y,No,15,3.0,3,80,0,6.0,3.0,3.0,2.0,2,2,2
40.0,No,Travel_Rarely,616.0,Research & Development,2,2,Life Sciences,1,1802,3.0,Female,99,3,1,Laboratory Technician,1.0,Married,3377.0,25605,4.0,Y,No,17,3.0,4,80,1,7.0,5.0,2.0,4.0,3,0,2
42.0,No,Travel_Rarely,1128.0,Research & Development,13,3,Medical,1,1803,2.0,Male,95,4,2,Healthcare Representative,1.0,Married,5538.0,5696,5.0,Y,No,18,3.0,3,80,2,10.0,2.0,2.0,0.0,0,0,0
35.0,No,Non-Travel,1180.0,Research & Development,2,2,Medical,1,1804,2.0,Male,90,3,2,Manufacturing Director,4.0,Divorced,5762.0,24442,2.0,Y,No,14,3.0,3,80,1,15.0,6.0,3.0,7.0,7,1,7
38.0,No,Non-Travel,1336.0,Human Resources,2,3,Human Resources,1,1805,1.0,Male,100,3,1,Human Resources,2.0,Divorced,2592.0,7129,5.0,Y,No,13,3.0,4,80,3,13.0,3.0,3.0,11.0,10,3,8
34.0,Yes,Travel_Frequently,234.0,Research & Development,9,4,Life Sciences,1,1807,4.0,Male,93,3,2,Laboratory Technician,1.0,Married,5346.0,6208,4.0,Y,No,17,3.0,3,80,1,11.0,3.0,2.0,7.0,1,0,7
37.0,Yes,Travel_Rarely,370.0,Research & Development,10,4,Medical,1,1809,4.0,Male,58,3,2,Manufacturing Director,1.0,Single,4213.0,4992,1.0,Y,No,15,3.0,2,80,0,10.0,4.0,1.0,10.0,3,0,8
39.0,No,Travel_Frequently,766.0,Sales,20,3,Life Sciences,1,1812,3.0,Male,83,3,2,Sales Executive,4.0,Divorced,4127.0,19188,2.0,Y,No,18,3.0,4,80,1,7.0,6.0,3.0,2.0,1,2,2
43.0,No,Non-Travel,343.0,Research & Development,9,3,Life Sciences,1,1813,1.0,Male,52,3,1,Research Scientist,3.0,Single,2438.0,24978,4.0,Y,No,13,3.0,3,80,0,7.0,2.0,2.0,3.0,2,1,2
41.0,No,Travel_Rarely,447.0,Research & Development,5,3,Life Sciences,1,1814,2.0,Male,85,4,2,Healthcare Representative,2.0,Single,6870.0,15530,3.0,Y,No,12,3.0,1,80,0,11.0,3.0,1.0,3.0,2,1,2
41.0,No,Travel_Rarely,796.0,Sales,4,1,Marketing,1,1815,3.0,Female,81,3,3,Sales Executive,3.0,Divorced,10447.0,26458,0.0,Y,Yes,13,3.0,4,80,1,23.0,3.0,4.0,22.0,14,13,5
30.0,No,Travel_Rarely,1092.0,Research & Development,10,3,Medical,1,1816,1.0,Female,64,3,3,Manufacturing Director,3.0,Single,9667.0,2739,9.0,Y,No,14,3.0,2,80,0,9.0,3.0,3.0,7.0,7,0,2
26.0,Yes,Travel_Rarely,920.0,Human Resources,20,2,Medical,1,1818,4.0,Female,69,3,1,Human Resources,2.0,Married,2148.0,6889,0.0,Y,Yes,11,3.0,3,80,0,6.0,3.0,3.0,5.0,1,1,4
46.0,Yes,Travel_Rarely,261.0,Research & Development,21,2,Medical,1,1821,4.0,Female,66,3,2,Healthcare Representative,2.0,Married,8926.0,10842,4.0,Y,No,22,4.0,4,80,1,13.0,2.0,4.0,9.0,7,3,7
40.0,No,Travel_Rarely,1194.0,Research & Development,1,3,Life Sciences,1,1822,3.0,Female,52,3,2,Healthcare Representative,4.0,Divorced,6513.0,9060,4.0,Y,No,17,3.0,4,80,1,12.0,3.0,3.0,5.0,3,0,3
34.0,No,Travel_Rarely,810.0,Sales,8,2,Technical Degree,1,1823,2.0,Male,92,4,2,Sales Executive,3.0,Married,6799.0,22128,1.0,Y,No,21,4.0,3,80,2,10.0,5.0,3.0,10.0,8,4,8
58.0,No,Non-Travel,350.0,Sales,2,3,Medical,1,1824,2.0,Male,52,3,4,Manager,2.0,Divorced,16291.0,22577,4.0,Y,No,22,4.0,4,80,1,28.5,0.0,2.0,16.0,9,14,14
35.0,No,Travel_Rarely,185.0,Research & Development,23,4,Medical,1,1826,2.0,Male,91,1,1,Laboratory Technician,3.0,Married,2705.0,9696,0.0,Y,No,16,3.0,2,80,1,6.0,2.0,4.0,5.0,4,0,3
47.0,No,Travel_Rarely,1001.0,Research & Development,4,3,Life Sciences,1,1827,3.0,Female,92,2,3,Manufacturing Director,2.0,Divorced,10333.0,19271,8.0,Y,Yes,12,3.0,3,80,1,28.0,4.0,3.0,22.0,11,14,10
40.0,No,Travel_Rarely,750.0,Research & Development,12,3,Life Sciences,1,1829,2.0,Female,47,3,2,Healthcare Representative,1.0,Divorced,4448.0,10748,2.0,Y,No,12,3.0,2,80,1,15.0,3.0,3.0,7.0,4,7,7
54.0,No,Travel_Rarely,431.0,Research & Development,7,4,Medical,1,1830,4.0,Female,68,3,2,Research Scientist,4.0,Married,6854.0,15696,4.0,Y,No,15,3.0,2,80,1,14.0,2.0,2.0,7.0,1,1,7
31.0,No,Travel_Frequently,1125.0,Sales,7,4,Marketing,1,1833,1.0,Female,68,3,3,Sales Executive,1.0,Married,9637.0,8277,2.0,Y,No,14,3.0,4,80,2,9.0,3.0,3.0,3.0,2,2,2
28.0,No,Travel_Rarely,1217.0,Research & Development,1,3,Medical,1,1834,3.0,Female,67,3,1,Research Scientist,1.0,Married,3591.0,12719,1.0,Y,No,25,4.0,3,80,1,3.0,3.0,3.0,3.0,2,1,2
38.0,No,Travel_Rarely,723.0,Sales,2,4,Marketing,1,1835,2.0,Female,77,1,2,Sales Representative,4.0,Married,5405.0,4244,2.0,Y,Yes,20,4.0,1,80,2,20.0,4.0,2.0,4.0,2,0,3
26.0,No,Travel_Rarely,572.0,Sales,10,3,Medical,1,1836,3.0,Male,46,3,2,Sales Executive,4.0,Single,4684.0,9125,1.0,Y,No,13,3.0,1,80,0,5.0,4.0,3.0,5.0,3,1,2
58.0,No,Travel_Frequently,1216.0,Research & Development,15,4,Life Sciences,1,1837,1.0,Male,87,3,4,Research Director,3.0,Married,15787.0,21624,2.0,Y,Yes,14,3.0,2,80,0,23.0,3.0,3.0,2.0,2,2,2
18.0,No,Non-Travel,1431.0,Research & Development,14,3,Medical,1,1839,2.0,Female,33,3,1,Research Scientist,3.0,Single,1514.0,8018,1.0,Y,No,16,3.0,3,80,0,1.0,4.0,1.0,0.0,0,0,0
31.0,Yes,Travel_Rarely,359.0,Human Resources,18,5,Human Resources,1,1842,4.0,Male,89,4,1,Human Resources,1.0,Married,2956.0,21495,0.0,Y,No,17,3.0,3,80,0,2.0,4.0,3.0,1.0,0,0,0
29.0,Yes,Travel_Rarely,350.0,Human Resources,13,3,Human Resources,1,1844,1.0,Male,56,2,1,Human Resources,1.0,Divorced,2335.0,3157,4.0,Y,Yes,15,3.0,4,80,3,4.0,3.0,3.0,2.0,2,2,0
45.0,No,Non-Travel,589.0,Sales,2,4,Life Sciences,1,1845,3.0,Female,67,3,2,Sales Executive,3.0,Married,5154.0,19665,4.0,Y,No,22,4.0,2,80,2,10.0,3.0,4.0,8.0,7,5,7
36.0,No,Travel_Rarely,430.0,Research & Development,2,4,Other,1,1847,4.0,Female,73,3,2,Research Scientist,2.0,Married,6962.0,19573,4.0,Y,Yes,22,4.0,4,80,1,15.0,2.0,3.0,1.0,0,0,0
43.0,No,Travel_Frequently,1422.0,Sales,2,4,Life Sciences,1,1849,1.0,Male,92,3,2,Sales Executive,4.0,Married,5675.0,19246,1.0,Y,No,20,4.0,3,80,1,7.0,5.0,3.0,7.0,7,7,7
27.0,No,Travel_Frequently,1297.0,Research & Development,5,2,Life Sciences,1,1850,4.0,Female,53,3,1,Laboratory Technician,4.0,Single,2379.0,19826,0.0,Y,Yes,14,3.0,3,80,0,6.0,3.0,2.0,5.0,4,0,2
29.0,No,Travel_Frequently,574.0,Research & Development,20,1,Medical,1,1852,4.0,Male,40,3,1,Laboratory Technician,4.0,Married,3812.0,7003,1.0,Y,No,13,3.0,2,80,0,11.0,3.0,4.0,11.0,8,3,10
32.0,No,Travel_Frequently,1318.0,Sales,10,4,Marketing,1,1853,4.0,Male,79,3,2,Sales Executive,4.0,Single,4648.0,26075,8.0,Y,No,13,3.0,3,80,0,4.0,2.0,4.0,0.0,0,0,0
42.0,No,Non-Travel,355.0,Research & Development,10,4,Technical Degree,1,1854,3.0,Male,38,3,1,Research Scientist,3.0,Married,2936.0,6161,3.0,Y,No,22,4.0,2,80,2,10.0,1.0,2.0,6.0,3,3,3
47.0,No,Travel_Rarely,207.0,Research & Development,9,4,Life Sciences,1,1856,2.0,Female,64,3,1,Laboratory Technician,3.0,Single,2105.0,5411,4.0,Y,No,12,3.0,3,80,0,7.0,2.0,3.0,2.0,2,2,0
46.0,No,Travel_Rarely,706.0,Research & Development,2,2,Life Sciences,1,1857,4.0,Male,82,3,3,Manufacturing Director,4.0,Divorced,8578.0,19989,3.0,Y,No,14,3.0,3,80,1,12.0,4.0,2.0,9.0,8,4,7
28.0,No,Non-Travel,280.0,Human Resources,1,2,Life Sciences,1,1858,3.0,Male,43,3,1,Human Resources,4.0,Divorced,2706.0,10494,1.0,Y,No,15,3.0,2,80,1,3.0,2.0,3.0,3.0,2,2,2
29.0,No,Travel_Rarely,726.0,Research & Development,29,1,Life Sciences,1,1859,4.0,Male,93,1,2,Healthcare Representative,3.0,Divorced,6384.0,21143,8.0,Y,No,17,3.0,4,80,2,11.0,3.0,3.0,7.0,0,1,6
42.0,No,Travel_Rarely,1142.0,Research & Development,8,3,Life Sciences,1,1860,4.0,Male,81,3,1,Laboratory Technician,3.0,Single,3968.0,13624,4.0,Y,No,13,3.0,4,80,0,8.0,3.0,3.0,0.0,0,0,0
32.0,Yes,Travel_Rarely,414.0,Sales,2,4,Marketing,1,1862,3.0,Male,82,2,2,Sales Executive,2.0,Single,9907.0,26186,7.0,Y,Yes,12,3.0,3,80,0,7.0,3.0,2.0,2.0,2,2,2
46.0,No,Travel_Rarely,1319.0,Sales,3,3,Technical Degree,1,1863,1.0,Female,45,4,4,Sales Executive,1.0,Divorced,13225.0,7739,2.0,Y,No,12,3.0,4,80,1,25.0,5.0,3.0,19.0,17,2,8
27.0,No,Travel_Rarely,728.0,Sales,23,1,Medical,1,1864,2.0,Female,36,2,2,Sales Representative,3.0,Married,3540.0,7018,1.0,Y,No,21,4.0,4,80,1,9.0,5.0,3.0,9.0,8,5,8
29.0,No,Travel_Rarely,352.0,Human Resources,6,1,Medical,1,1865,4.0,Male,87,2,1,Human Resources,2.0,Married,2804.0,15434,1.0,Y,No,11,3.0,4,80,0,1.0,3.0,3.0,1.0,0,0,0
43.0,No,Travel_Rarely,823.0,Research & Development,6,3,Medical,1,1866,1.0,Female,81,2,5,Manager,3.0,Married,16536.0,22539,7.0,Y,No,13,3.0,4,80,0,21.0,2.0,3.0,16.0,12,6,14
48.0,No,Travel_Rarely,1224.0,Research & Development,10,3,Life Sciences,1,1867,4.0,Male,91,2,5,Research Director,2.0,Married,16536.0,13583,4.0,Y,No,12,3.0,4,80,0,28.5,3.0,3.0,22.0,10,12,9
29.0,Yes,Travel_Frequently,459.0,Research & Development,24,2,Life Sciences,1,1868,4.0,Male,73,2,1,Research Scientist,4.0,Single,2439.0,14753,1.0,Y,Yes,24,4.0,2,80,0,1.0,3.0,2.0,1.0,0,1,0
46.0,Yes,Travel_Rarely,1254.0,Sales,10,3,Life Sciences,1,1869,3.0,Female,64,3,3,Sales Executive,2.0,Married,7314.0,14011,5.0,Y,No,21,4.0,3,80,3,14.0,2.0,3.0,8.0,7,0,7
27.0,No,Travel_Frequently,1131.0,Research & Development,15,3,Life Sciences,1,1870,4.0,Female,77,2,1,Research Scientist,1.0,Married,4774.0,23844,0.0,Y,No,19,3.0,4,80,1,8.0,2.0,2.0,7.0,6,7,3
39.0,No,Travel_Rarely,835.0,Research & Development,19,4,Other,1,1871,4.0,Male,41,3,2,Research Scientist,4.0,Divorced,3902.0,5141,8.0,Y,No,14,3.0,2,80,3,7.0,2.0,3.0,2.0,2,2,2
55.0,No,Travel_Rarely,836.0,Research & Development,2,4,Technical Degree,1,1873,2.0,Male,98,2,1,Research Scientist,4.0,Married,2662.0,7975,8.0,Y,No,20,4.0,2,80,1,19.0,2.0,4.0,5.0,2,0,4
28.0,No,Travel_Rarely,1172.0,Sales,3,3,Medical,1,1875,2.0,Female,78,3,1,Sales Representative,2.0,Married,2856.0,3692,1.0,Y,No,19,3.0,4,80,1,1.0,3.0,3.0,1.0,0,0,0
30.0,Yes,Travel_Rarely,945.0,Sales,9,3,Medical,1,1876,2.0,Male,89,3,1,Sales Representative,4.0,Single,1338.72,16019,1.0,Y,No,13,3.0,3,80,0,1.0,3.0,2.0,1.0,0,0,0
22.0,Yes,Travel_Rarely,391.0,Research & Development,7,1,Life Sciences,1,1878,4.0,Male,75,3,1,Research Scientist,2.0,Single,2472.0,26092,1.0,Y,Yes,23,4.0,1,80,0,1.0,2.0,3.0,1.0,0,0,0
36.0,No,Travel_Rarely,1266.0,Sales,10,4,Technical Degree,1,1880,2.0,Female,63,2,2,Sales Executive,3.0,Married,5673.0,6060,1.0,Y,Yes,13,3.0,1,80,1,10.0,4.0,3.0,10.0,9,1,7
31.0,No,Travel_Rarely,311.0,Research & Development,20,3,Life Sciences,1,1881,2.0,Male,89,3,2,Laboratory Technician,3.0,Divorced,4197.0,18624,1.0,Y,No,11,3.0,1,80,1,10.0,2.0,3.0,10.0,8,0,2
34.0,No,Travel_Rarely,1480.0,Sales,4,3,Life Sciences,1,1882,3.0,Male,64,3,3,Sales Executive,4.0,Married,9713.0,24444,2.0,Y,Yes,13,3.0,4,80,3,9.0,3.0,3.0,5.0,3,1,0
29.0,No,Travel_Rarely,592.0,Research & Development,7,3,Life Sciences,1,1883,4.0,Male,59,3,1,Laboratory Technician,1.0,Single,2062.0,19384,3.0,Y,No,14,3.0,2,80,0,11.0,2.0,3.0,3.0,2,1,2
37.0,No,Travel_Rarely,783.0,Research & Development,7,4,Medical,1,1885,4.0,Male,78,3,2,Research Scientist,1.0,Married,4284.0,13588,5.0,Y,Yes,22,4.0,3,80,1,16.0,2.0,3.0,5.0,3,0,4
35.0,No,Travel_Rarely,219.0,Research & Development,16,2,Other,1,1886,4.0,Female,44,2,2,Manufacturing Director,2.0,Married,4788.0,25388,0.0,Y,Yes,11,3.0,4,80,0,4.0,2.0,3.0,3.0,2,0,2
45.0,No,Travel_Rarely,556.0,Research & Development,25,2,Life Sciences,1,1888,2.0,Female,93,2,2,Manufacturing Director,4.0,Married,5906.0,23888,0.0,Y,No,13,3.0,4,80,2,10.0,2.0,2.0,9.0,8,3,8
36.0,No,Travel_Frequently,1213.0,Human Resources,2,1,Human Resources,1,1890,2.0,Male,94,2,2,Human Resources,4.0,Single,3886.0,4223,1.0,Y,No,21,4.0,4,80,0,10.0,2.0,2.0,10.0,1,0,8
40.0,No,Travel_Rarely,1137.0,Research & Development,1,4,Life Sciences,1,1892,1.0,Male,98,3,4,Manager,1.0,Divorced,16536.0,18991,2.0,Y,No,11,3.0,1,80,1,22.0,3.0,3.0,19.0,7,11,16
26.0,No,Travel_Rarely,482.0,Research & Development,1,2,Life Sciences,1,1893,2.0,Female,90,2,1,Research Scientist,3.0,Married,2933.0,14908,1.0,Y,Yes,13,3.0,3,80,1,1.0,3.0,2.0,1.0,0,1,0
27.0,No,Travel_Rarely,511.0,Sales,2,2,Medical,1,1898,1.0,Female,89,4,2,Sales Executive,3.0,Single,6500.0,26997,0.0,Y,No,14,3.0,2,80,0,9.0,5.0,2.0,8.0,7,0,7
48.0,No,Travel_Frequently,117.0,Research & Development,22,3,Medical,1,1900,4.0,Female,58,3,4,Manager,4.0,Divorced,16536.0,2437,3.0,Y,No,11,3.0,2,80,1,24.0,3.0,3.0,22.0,17,4,7
44.0,No,Travel_Rarely,170.0,Research & Development,1,4,Life Sciences,1,1903,2.0,Male,78,4,2,Healthcare Representative,1.0,Married,5033.0,9364,2.0,Y,No,15,3.0,4,80,1,10.0,5.0,3.0,2.0,0,2,2
34.0,Yes,Non-Travel,967.0,Research & Development,16,4,Technical Degree,1,1905,4.0,Male,85,1,1,Research Scientist,1.0,Married,2307.0,14460,1.0,Y,Yes,23,4.0,2,80,1,5.0,2.0,3.0,5.0,2,3,0
56.0,Yes,Travel_Rarely,1162.0,Research & Development,24,2,Life Sciences,1,1907,1.0,Male,97,3,1,Laboratory Technician,4.0,Single,2587.0,10261,1.0,Y,No,16,3.0,4,80,0,5.0,3.0,3.0,4.0,2,1,0
36.0,No,Travel_Rarely,335.0,Sales,17,2,Marketing,1,1908,3.0,Male,33,2,2,Sales Executive,2.0,Married,5507.0,16822,2.0,Y,No,16,3.0,3,80,2,12.0,1.0,1.0,4.0,2,1,3
41.0,No,Travel_Rarely,337.0,Sales,8,3,Marketing,1,1909,3.0,Female,54,3,2,Sales Executive,2.0,Married,4393.0,26841,5.0,Y,No,21,4.0,3,80,1,14.0,3.0,3.0,5.0,4,1,4
42.0,No,Travel_Rarely,1396.0,Research & Development,6,3,Medical,1,1911,3.0,Male,83,3,3,Research Director,1.0,Married,13348.0,14842,9.0,Y,No,13,3.0,2,80,1,18.0,3.0,4.0,13.0,7,5,7
31.0,No,Travel_Rarely,1079.0,Sales,10,2,Medical,1,1912,3.0,Female,86,3,2,Sales Executive,4.0,Divorced,6583.0,20115,2.0,Y,Yes,11,3.0,4,80,1,8.0,2.0,3.0,5.0,2,1,4
34.0,No,Travel_Rarely,735.0,Sales,3,1,Medical,1,1915,4.0,Female,75,2,2,Sales Executive,4.0,Married,8103.0,16495,3.0,Y,Yes,12,3.0,3,80,0,9.0,3.0,2.0,4.0,2,0,1
31.0,No,Travel_Rarely,471.0,Research & Development,4,3,Medical,1,1916,1.0,Female,62,4,1,Laboratory Technician,3.0,Divorced,3978.0,16031,8.0,Y,No,12,3.0,2,80,1,4.0,0.0,2.0,2.0,2,2,2
26.0,No,Travel_Frequently,1096.0,Research & Development,6,3,Other,1,1918,3.0,Male,61,4,1,Laboratory Technician,4.0,Married,2544.0,7102,0.0,Y,No,18,3.0,1,80,1,8.0,3.0,3.0,7.0,7,7,7
45.0,No,Travel_Frequently,1297.0,Research & Development,1,4,Medical,1,1922,2.0,Male,44,3,2,Healthcare Representative,3.0,Single,5399.0,14511,4.0,Y,No,12,3.0,3,80,0,12.0,3.0,3.0,4.0,2,0,3
33.0,No,Travel_Rarely,217.0,Sales,10,4,Marketing,1,1924,2.0,Male,43,3,2,Sales Executive,3.0,Single,5487.0,10410,1.0,Y,No,14,3.0,2,80,0,10.0,2.0,2.0,10.0,4,0,9
28.0,No,Travel_Frequently,783.0,Sales,1,2,Life Sciences,1,1927,3.0,Male,42,2,2,Sales Executive,4.0,Married,6834.0,19255,1.0,Y,Yes,12,3.0,3,80,1,7.0,2.0,3.0,7.0,7,0,7
29.0,Yes,Travel_Frequently,746.0,Sales,24,3,Technical Degree,1,1928,3.0,Male,45,4,1,Sales Representative,1.0,Single,1338.72,10642,1.0,Y,No,17,3.0,4,80,0,1.0,3.0,3.0,1.0,0,0,0
39.0,No,Non-Travel,1251.0,Sales,21,4,Life Sciences,1,1929,1.0,Female,32,1,2,Sales Executive,3.0,Married,5736.0,3987,6.0,Y,No,19,3.0,3,80,1,10.0,1.0,3.0,3.0,2,1,2
27.0,No,Travel_Rarely,1354.0,Research & Development,2,4,Technical Degree,1,1931,2.0,Male,41,3,1,Research Scientist,2.0,Married,2226.0,6073,1.0,Y,No,11,3.0,3,80,1,6.0,3.0,2.0,5.0,3,1,2
34.0,No,Travel_Frequently,735.0,Research & Development,22,4,Other,1,1932,3.0,Male,86,2,2,Research Scientist,4.0,Married,5747.0,26496,1.0,Y,Yes,15,3.0,2,80,0,16.0,3.0,3.0,15.0,10,6,11
28.0,Yes,Travel_Rarely,1475.0,Sales,13,2,Marketing,1,1933,4.0,Female,84,3,2,Sales Executive,3.0,Single,9854.0,23352,3.0,Y,Yes,11,3.0,4,80,0,6.0,0.0,3.0,2.0,0,2,2
47.0,No,Non-Travel,1169.0,Research & Development,14,4,Technical Degree,1,1934,3.0,Male,64,3,2,Research Scientist,2.0,Married,5467.0,2125,8.0,Y,No,18,3.0,3,80,1,16.0,4.0,4.0,8.0,7,1,7
56.0,No,Travel_Rarely,1443.0,Sales,11,5,Marketing,1,1935,4.0,Female,89,2,2,Sales Executive,1.0,Married,5380.0,20328,4.0,Y,No,16,3.0,3,80,1,6.0,3.0,3.0,0.0,0,0,0
39.0,No,Travel_Rarely,867.0,Research & Development,9,2,Medical,1,1936,1.0,Male,87,3,2,Manufacturing Director,1.0,Married,5151.0,12315,1.0,Y,No,25,4.0,4,80,1,10.0,3.0,3.0,10.0,0,7,9
38.0,No,Travel_Frequently,1394.0,Research & Development,8,3,Medical,1,1937,4.0,Female,58,2,2,Research Scientist,2.0,Divorced,2133.0,18115,1.0,Y,Yes,16,3.0,3,80,1,20.0,3.0,3.0,20.0,11,0,7
58.0,No,Travel_Rarely,605.0,Sales,21,3,Life Sciences,1,1938,4.0,Female,72,3,4,Manager,4.0,Married,16536.0,11761,4.0,Y,Yes,13,3.0,3,80,1,28.5,2.0,2.0,1.0,0,0,0
32.0,Yes,Travel_Frequently,238.0,Research & Development,5,2,Life Sciences,1,1939,1.0,Female,47,4,1,Research Scientist,3.0,Single,2432.0,15318,3.0,Y,Yes,14,3.0,1,80,0,8.0,2.0,3.0,4.0,1,0,3
38.0,No,Travel_Rarely,1206.0,Research & Development,9,2,Life Sciences,1,1940,2.0,Male,71,3,1,Research Scientist,4.0,Divorced,4771.0,14293,2.0,Y,No,19,3.0,4,80,2,10.0,0.0,4.0,5.0,2,0,3
49.0,No,Travel_Frequently,1064.0,Research & Development,2,1,Life Sciences,1,1941,2.0,Male,42,3,5,Research Director,4.0,Married,16536.0,13738,3.0,Y,No,15,3.0,4,80,0,28.0,3.0,3.0,5.0,4,4,3
42.0,No,Travel_Rarely,419.0,Sales,12,4,Marketing,1,1943,2.0,Male,77,3,2,Sales Executive,4.0,Divorced,5087.0,2900,3.0,Y,Yes,12,3.0,3,80,2,14.0,4.0,3.0,0.0,0,0,0
27.0,Yes,Travel_Frequently,1337.0,Human Resources,22,3,Human Resources,1,1944,1.0,Female,58,2,1,Human Resources,2.0,Married,2863.0,19555,1.0,Y,No,12,3.0,1,80,0,1.0,2.0,3.0,1.0,0,0,0
35.0,No,Travel_Rarely,682.0,Sales,18,4,Medical,1,1945,2.0,Male,71,3,2,Sales Executive,1.0,Married,5561.0,15975,0.0,Y,No,16,3.0,4,80,1,6.0,2.0,1.0,5.0,3,0,4
28.0,No,Non-Travel,1103.0,Research & Development,16,3,Medical,1,1947,3.0,Male,49,3,1,Research Scientist,3.0,Single,2144.0,2122,1.0,Y,No,14,3.0,3,80,0,5.0,3.0,2.0,5.0,3,1,4
31.0,No,Non-Travel,976.0,Research & Development,3,2,Medical,1,1948,3.0,Male,48,3,1,Research Scientist,1.0,Divorced,3065.0,3995,1.0,Y,Yes,13,3.0,4,80,1,4.0,3.0,4.0,4.0,2,2,3
36.0,No,Non-Travel,1351.0,Research & Development,9,4,Life Sciences,1,1949,1.0,Male,66,4,1,Laboratory Technician,2.0,Married,2810.0,9238,1.0,Y,No,22,4.0,2,80,0,5.0,3.0,3.0,5.0,4,0,2
34.0,No,Travel_Rarely,937.0,Sales,1,3,Marketing,1,1950,1.0,Male,32,3,3,Sales Executive,4.0,Single,9888.0,6770,1.0,Y,No,21,4.0,1,80,0,14.0,3.0,2.0,14.0,8,2,1
34.0,No,Travel_Rarely,1239.0,Sales,13,4,Medical,1,1951,4.0,Male,39,3,3,Sales Executive,3.0,Divorced,8628.0,22914,1.0,Y,No,18,3.0,3,80,1,9.0,2.0,2.0,8.0,7,1,1
26.0,No,Travel_Rarely,157.0,Research & Development,1,3,Medical,1,1952,3.0,Male,95,3,1,Laboratory Technician,1.0,Single,2867.0,20006,0.0,Y,No,13,3.0,4,80,0,8.0,6.0,2.0,7.0,7,7,6
29.0,No,Travel_Rarely,136.0,Research & Development,1,3,Life Sciences,1,1954,1.0,Male,89,3,2,Healthcare Representative,1.0,Married,5373.0,6225,0.0,Y,No,12,3.0,1,80,1,6.0,5.0,2.0,5.0,3,0,2
32.0,No,Non-Travel,1146.0,Research & Development,15,4,Medical,1,1955,3.0,Female,34,3,2,Healthcare Representative,4.0,Divorced,6667.0,16542,5.0,Y,No,18,3.0,2,80,1,9.0,6.0,3.0,5.0,1,1,2
31.0,No,Travel_Frequently,1125.0,Research & Development,1,3,Life Sciences,1,1956,4.0,Male,48,1,2,Research Scientist,1.0,Married,5003.0,5771,1.0,Y,No,21,4.0,2,80,0,10.0,6.0,3.0,10.0,8,8,7
28.0,Yes,Travel_Rarely,1404.0,Research & Development,17,3,Technical Degree,1,1960,3.0,Male,32,2,1,Laboratory Technician,4.0,Divorced,2367.0,18779,5.0,Y,No,12,3.0,1,80,1,6.0,2.0,2.0,4.0,1,0,3
38.0,No,Travel_Rarely,1404.0,Sales,1,3,Life Sciences,1,1961,1.0,Male,59,2,1,Sales Representative,1.0,Single,2858.0,11473,4.0,Y,No,14,3.0,1,80,0,20.0,3.0,2.0,1.0,0,0,0
35.0,No,Travel_Rarely,1224.0,Sales,7,4,Life Sciences,1,1962,3.0,Female,55,3,2,Sales Executive,4.0,Married,5204.0,13586,1.0,Y,Yes,11,3.0,4,80,0,10.0,2.0,3.0,10.0,8,0,9
27.0,No,Travel_Rarely,954.0,Sales,9,3,Marketing,1,1965,4.0,Male,44,3,2,Sales Executive,4.0,Single,4105.0,5099,1.0,Y,No,14,3.0,1,80,0,7.0,5.0,3.0,7.0,7,0,7
32.0,No,Travel_Rarely,1373.0,Research & Development,5,4,Life Sciences,1,1966,4.0,Male,56,2,2,Manufacturing Director,4.0,Single,9679.0,10138,8.0,Y,No,24,4.0,2,80,0,8.0,1.0,3.0,1.0,0,0,0
31.0,Yes,Travel_Frequently,754.0,Sales,26,4,Marketing,1,1967,1.0,Male,63,3,2,Sales Executive,4.0,Married,5617.0,21075,1.0,Y,Yes,11,3.0,3,80,0,10.0,4.0,3.0,10.0,7,0,8
53.0,Yes,Travel_Rarely,1168.0,Sales,24,4,Life Sciences,1,1968,1.0,Male,66,3,3,Sales Executive,1.0,Single,10448.0,5843,6.0,Y,Yes,13,3.0,2,80,0,15.0,2.0,2.0,2.0,2,2,2
54.0,No,Travel_Rarely,155.0,Research & Development,9,2,Life Sciences,1,1969,1.0,Female,67,3,2,Research Scientist,3.0,Married,2897.0,22474,3.0,Y,No,11,3.0,3,80,2,9.0,6.0,2.0,4.0,3,2,3
33.0,No,Travel_Frequently,1303.0,Research & Development,7,2,Life Sciences,1,1970,4.0,Male,36,3,2,Healthcare Representative,3.0,Divorced,5968.0,18079,1.0,Y,No,20,4.0,3,80,3,9.0,2.0,3.0,9.0,7,2,8
43.0,No,Travel_Rarely,574.0,Research & Development,11,3,Life Sciences,1,1971,1.0,Male,30,3,3,Healthcare Representative,3.0,Married,7510.0,16873,1.0,Y,No,17,3.0,2,80,1,10.0,1.0,3.0,10.0,9,0,9
38.0,No,Travel_Frequently,1444.0,Human Resources,1,4,Other,1,1972,4.0,Male,88,3,1,Human Resources,2.0,Married,2991.0,5224,0.0,Y,Yes,11,3.0,2,80,1,7.0,2.0,3.0,6.0,2,1,2
55.0,No,Travel_Rarely,189.0,Human Resources,26,4,Human Resources,1,1973,3.0,Male,71,4,5,Manager,2.0,Married,16536.0,25811,4.0,Y,Yes,18,3.0,1,80,1,28.5,0.0,3.0,10.0,9,1,4
31.0,No,Travel_Rarely,1276.0,Research & Development,2,1,Medical,1,1974,4.0,Female,59,1,1,Laboratory Technician,4.0,Divorced,1338.72,17536,1.0,Y,Yes,11,3.0,3,80,3,1.0,4.0,3.0,1.0,0,0,0
39.0,No,Travel_Rarely,119.0,Sales,15,4,Marketing,1,1975,2.0,Male,77,3,4,Sales Executive,1.0,Single,13341.0,25098,0.0,Y,No,12,3.0,1,80,0,21.0,3.0,3.0,20.0,8,11,10
42.0,No,Non-Travel,335.0,Research & Development,23,2,Life Sciences,1,1976,4.0,Male,37,2,2,Research Scientist,3.0,Single,4332.0,14811,1.0,Y,No,12,3.0,4,80,0,20.0,2.0,3.0,20.0,9,3,7
31.0,No,Non-Travel,697.0,Research & Development,10,3,Medical,1,1979,3.0,Female,40,3,3,Research Director,3.0,Married,11031.0,26862,4.0,Y,No,20,4.0,3,80,1,13.0,2.0,4.0,11.0,7,4,8
54.0,No,Travel_Rarely,157.0,Research & Development,10,3,Medical,1,1980,3.0,Female,77,3,2,Manufacturing Director,1.0,Single,4440.0,25198,6.0,Y,Yes,19,3.0,4,80,0,9.0,3.0,3.0,5.0,2,1,4
24.0,No,Travel_Rarely,771.0,Research & Development,1,2,Life Sciences,1,1981,2.0,Male,45,2,2,Healthcare Representative,3.0,Single,4617.0,14120,1.0,Y,No,12,3.0,2,80,0,4.0,2.0,2.0,4.0,3,1,2
23.0,No,Travel_Rarely,571.0,Research & Development,12,2,Other,1,1982,4.0,Male,78,3,1,Laboratory Technician,4.0,Single,2647.0,13672,1.0,Y,No,13,3.0,3,80,0,5.0,6.0,4.0,5.0,2,1,4
40.0,No,Travel_Frequently,692.0,Research & Development,11,3,Technical Degree,1,1985,4.0,Female,73,3,2,Laboratory Technician,3.0,Married,6323.0,26849,1.0,Y,No,11,3.0,1,80,1,10.0,2.0,4.0,10.0,9,9,4
40.0,No,Travel_Rarely,444.0,Sales,2,2,Marketing,1,1986,2.0,Female,92,3,2,Sales Executive,2.0,Married,5677.0,4258,3.0,Y,No,14,3.0,3,80,1,15.0,4.0,3.0,11.0,8,5,10
25.0,No,Travel_Rarely,309.0,Human Resources,2,3,Human Resources,1,1987,3.0,Female,82,3,1,Human Resources,2.0,Married,2187.0,19655,4.0,Y,No,14,3.0,3,80,0,6.0,3.0,3.0,2.0,0,1,2
30.0,No,Travel_Rarely,911.0,Research & Development,1,2,Medical,1,1989,4.0,Male,76,3,1,Laboratory Technician,2.0,Married,3748.0,4077,1.0,Y,No,13,3.0,3,80,0,12.0,6.0,2.0,12.0,8,1,7
25.0,No,Travel_Rarely,977.0,Research & Development,2,1,Other,1,1992,4.0,Male,57,3,1,Laboratory Technician,3.0,Divorced,3977.0,7298,6.0,Y,Yes,19,3.0,3,80,1,7.0,2.0,2.0,2.0,2,0,2
47.0,No,Travel_Rarely,1180.0,Research & Development,25,3,Medical,1,1993,1.0,Male,84,3,3,Healthcare Representative,3.0,Single,8633.0,13084,2.0,Y,No,23,4.0,2,80,0,25.0,3.0,3.0,17.0,14,12,11
33.0,No,Non-Travel,1313.0,Research & Development,1,2,Medical,1,1994,2.0,Male,59,2,1,Laboratory Technician,3.0,Divorced,2008.0,20439,1.0,Y,No,12,3.0,3,80,3,1.0,2.0,2.0,1.0,1,0,0
38.0,No,Travel_Rarely,1321.0,Sales,1,4,Life Sciences,1,1995,4.0,Male,86,3,2,Sales Executive,2.0,Married,4440.0,7636,0.0,Y,No,15,3.0,1,80,2,16.0,3.0,3.0,15.0,13,5,8
31.0,No,Travel_Rarely,1154.0,Sales,2,2,Life Sciences,1,1996,1.0,Male,54,3,1,Sales Representative,3.0,Married,3067.0,6393,0.0,Y,No,19,3.0,3,80,1,3.0,1.0,3.0,2.0,2,1,2
38.0,No,Travel_Frequently,508.0,Research & Development,6,4,Life Sciences,1,1997,1.0,Male,72,2,2,Manufacturing Director,3.0,Married,5321.0,14284,2.0,Y,No,11,3.0,4,80,1,10.0,1.0,3.0,8.0,3,7,7
42.0,No,Travel_Rarely,557.0,Research & Development,18,4,Life Sciences,1,1998,4.0,Male,35,3,2,Research Scientist,1.0,Divorced,5410.0,11189,6.0,Y,Yes,17,3.0,3,80,1,9.0,3.0,2.0,4.0,3,1,2
41.0,No,Travel_Rarely,642.0,Research & Development,1,3,Life Sciences,1,1999,4.0,Male,76,3,1,Research Scientist,4.0,Married,2782.0,21412,3.0,Y,No,22,4.0,1,80,1,12.0,3.0,3.0,5.0,3,1,0
47.0,No,Non-Travel,1162.0,Research & Development,1,1,Medical,1,2000,3.0,Female,98,3,3,Research Director,2.0,Married,11957.0,17231,0.0,Y,No,18,3.0,1,80,2,14.0,3.0,1.0,13.0,8,5,12
35.0,No,Travel_Rarely,1490.0,Research & Development,11,4,Medical,1,2003,4.0,Male,43,3,1,Laboratory Technician,3.0,Married,2660.0,20232,7.0,Y,Yes,11,3.0,3,80,1,5.0,3.0,3.0,2.0,2,2,2
22.0,No,Travel_Rarely,581.0,Research & Development,1,2,Life Sciences,1,2007,4.0,Male,63,3,1,Research Scientist,3.0,Single,3375.0,17624,0.0,Y,No,12,3.0,4,80,0,4.0,2.0,4.0,3.0,2,1,2
35.0,No,Travel_Rarely,1395.0,Research & Development,9,4,Medical,1,2008,2.0,Male,48,3,2,Research Scientist,3.0,Single,5098.0,18698,1.0,Y,No,19,3.0,2,80,0,10.0,5.0,3.0,10.0,7,0,8
33.0,No,Travel_Rarely,501.0,Research & Development,15,2,Medical,1,2009,2.0,Female,95,3,2,Healthcare Representative,4.0,Married,4878.0,21653,0.0,Y,Yes,13,3.0,1,80,1,10.0,6.0,3.0,9.0,7,8,1
32.0,No,Travel_Rarely,267.0,Research & Development,29,4,Life Sciences,1,2010,3.0,Female,49,2,1,Laboratory Technician,2.0,Single,2837.0,15919,1.0,Y,No,13,3.0,3,80,0,6.0,3.0,3.0,6.0,2,4,1
40.0,No,Travel_Rarely,543.0,Research & Development,1,4,Life Sciences,1,2012,1.0,Male,83,3,1,Laboratory Technician,4.0,Married,2406.0,4060,8.0,Y,No,19,3.0,3,80,2,8.0,3.0,2.0,1.0,0,0,0
32.0,No,Travel_Rarely,234.0,Sales,1,4,Medical,1,2013,2.0,Male,68,2,1,Sales Representative,2.0,Married,2269.0,18024,0.0,Y,No,14,3.0,2,80,1,3.0,2.0,3.0,2.0,2,2,2
39.0,No,Travel_Rarely,116.0,Research & Development,24,1,Life Sciences,1,2014,1.0,Male,52,3,2,Research Scientist,4.0,Single,4108.0,5340,7.0,Y,No,13,3.0,1,80,0,18.0,2.0,3.0,7.0,7,1,7
38.0,No,Travel_Rarely,201.0,Research & Development,10,3,Medical,1,2015,2.0,Female,99,1,3,Research Director,3.0,Married,13206.0,3376,3.0,Y,No,12,3.0,1,80,1,20.0,3.0,3.0,18.0,16,1,11
32.0,No,Travel_Rarely,801.0,Sales,1,4,Marketing,1,2016,3.0,Female,48,3,3,Sales Executive,4.0,Married,10422.0,24032,1.0,Y,No,19,3.0,3,80,2,14.0,3.0,3.0,14.0,10,5,7
37.0,No,Travel_Rarely,161.0,Research & Development,10,3,Life Sciences,1,2017,3.0,Female,42,4,3,Research Director,4.0,Married,13744.0,15471,1.0,Y,Yes,25,4.0,1,80,1,16.0,2.0,3.0,16.0,11,6,8
25.0,No,Travel_Rarely,1382.0,Sales,8,2,Other,1,2018,1.0,Female,85,3,2,Sales Executive,3.0,Divorced,4907.0,13684,0.0,Y,Yes,22,4.0,2,80,1,6.0,3.0,2.0,5.0,3,0,4
52.0,No,Non-Travel,585.0,Sales,29,4,Life Sciences,1,2019,1.0,Male,40,3,1,Sales Representative,4.0,Divorced,3482.0,19788,2.0,Y,No,15,3.0,2,80,2,16.0,3.0,2.0,9.0,8,0,0
44.0,No,Travel_Rarely,1037.0,Research & Development,1,3,Medical,1,2020,2.0,Male,42,3,1,Research Scientist,4.0,Single,2436.0,13422,6.0,Y,Yes,12,3.0,3,80,0,6.0,2.0,3.0,4.0,3,1,2
21.0,No,Travel_Rarely,501.0,Sales,5,1,Medical,1,2021,3.0,Male,58,3,1,Sales Representative,1.0,Single,2380.0,25479,1.0,Y,Yes,11,3.0,4,80,0,2.0,6.0,3.0,2.0,2,1,2
39.0,No,Non-Travel,105.0,Research & Development,9,3,Life Sciences,1,2022,4.0,Male,87,3,5,Manager,4.0,Single,16536.0,15302,2.0,Y,No,13,3.0,3,80,0,21.0,3.0,2.0,6.0,0,1,3
23.0,Yes,Travel_Frequently,638.0,Sales,9,3,Marketing,1,2023,4.0,Male,33,3,1,Sales Representative,1.0,Married,1790.0,26956,1.0,Y,No,19,3.0,1,80,1,1.0,3.0,2.0,1.0,0,1,0
36.0,No,Travel_Rarely,557.0,Sales,3,3,Medical,1,2024,1.0,Female,94,2,3,Sales Executive,4.0,Married,7644.0,12695,0.0,Y,No,19,3.0,3,80,2,10.0,2.0,3.0,9.0,7,3,4
36.0,No,Travel_Frequently,688.0,Research & Development,4,2,Life Sciences,1,2025,4.0,Female,97,3,2,Manufacturing Director,2.0,Divorced,5131.0,9192,7.0,Y,No,13,3.0,2,80,3,18.0,3.0,3.0,4.0,2,0,2
56.0,No,Non-Travel,667.0,Research & Development,1,4,Life Sciences,1,2026,3.0,Male,57,3,2,Healthcare Representative,3.0,Divorced,6306.0,26236,1.0,Y,No,21,4.0,1,80,1,13.0,2.0,2.0,13.0,12,1,9
29.0,Yes,Travel_Rarely,1092.0,Research & Development,1,4,Medical,1,2027,1.0,Male,36,3,1,Research Scientist,4.0,Married,4787.0,26124,9.0,Y,Yes,14,3.0,2,80,3,4.0,3.0,4.0,2.0,2,2,2
42.0,No,Travel_Rarely,300.0,Research & Development,2,3,Life Sciences,1,2031,1.0,Male,56,3,5,Manager,3.0,Married,16536.0,17312,5.0,Y,No,11,3.0,1,80,0,24.0,2.0,2.0,22.0,6,4,14
56.0,Yes,Travel_Rarely,310.0,Research & Development,7,2,Technical Degree,1,2032,4.0,Male,72,3,1,Laboratory Technician,3.0,Married,2339.0,3666,8.0,Y,No,11,3.0,4,80,1,14.0,4.0,1.0,10.0,9,9,8
41.0,No,Travel_Rarely,582.0,Research & Development,28,4,Life Sciences,1,2034,1.0,Female,60,2,4,Manufacturing Director,2.0,Married,13570.0,5640,0.0,Y,No,23,4.0,3,80,1,21.0,3.0,3.0,20.0,7,0,10
34.0,No,Travel_Rarely,704.0,Sales,28,3,Marketing,1,2035,4.0,Female,95,2,2,Sales Executive,3.0,Married,6712.0,8978,1.0,Y,No,21,4.0,4,80,2,8.0,2.0,3.0,8.0,7,1,7
36.0,No,Non-Travel,301.0,Sales,15,4,Marketing,1,2036,4.0,Male,88,1,2,Sales Executive,4.0,Divorced,5406.0,10436,1.0,Y,No,24,4.0,1,80,1,15.0,4.0,2.0,15.0,12,11,11
41.0,No,Travel_Rarely,930.0,Sales,3,3,Life Sciences,1,2037,3.0,Male,57,2,2,Sales Executive,2.0,Divorced,8938.0,12227,2.0,Y,No,11,3.0,3,80,1,14.0,5.0,3.0,5.0,4,0,4
32.0,No,Travel_Rarely,529.0,Research & Development,2,3,Technical Degree,1,2038,4.0,Male,78,3,1,Research Scientist,1.0,Single,2439.0,11288,1.0,Y,No,14,3.0,4,80,0,4.0,4.0,3.0,4.0,2,1,2
35.0,No,Travel_Rarely,1146.0,Human Resources,26,4,Life Sciences,1,2040,3.0,Female,31,3,3,Human Resources,4.0,Single,8837.0,16642,1.0,Y,Yes,16,3.0,3,80,0,9.0,2.0,3.0,9.0,0,1,7
38.0,No,Travel_Rarely,345.0,Sales,10,2,Life Sciences,1,2041,1.0,Female,100,3,2,Sales Executive,4.0,Married,5343.0,5982,1.0,Y,No,11,3.0,3,80,1,10.0,1.0,3.0,10.0,7,1,9
50.0,Yes,Travel_Frequently,878.0,Sales,1,4,Life Sciences,1,2044,2.0,Male,94,3,2,Sales Executive,3.0,Divorced,6728.0,14255,7.0,Y,No,12,3.0,4,80,2,12.0,3.0,3.0,6.0,3,0,1
36.0,No,Travel_Rarely,1120.0,Sales,11,4,Marketing,1,2045,2.0,Female,100,2,2,Sales Executive,4.0,Married,6652.0,14369,4.0,Y,No,13,3.0,1,80,1,8.0,2.0,2.0,6.0,3,0,0
45.0,No,Travel_Rarely,374.0,Sales,20,3,Life Sciences,1,2046,4.0,Female,50,3,2,Sales Executive,3.0,Single,4850.0,23333,8.0,Y,No,15,3.0,3,80,0,8.0,3.0,3.0,5.0,3,0,1
40.0,No,Travel_Rarely,1322.0,Research & Development,2,4,Life Sciences,1,2048,3.0,Male,52,2,1,Research Scientist,3.0,Single,2809.0,2725,2.0,Y,No,14,3.0,4,80,0,8.0,2.0,3.0,2.0,2,2,2
35.0,No,Travel_Frequently,1199.0,Research & Development,18,4,Life Sciences,1,2049,3.0,Male,80,3,2,Healthcare Representative,3.0,Married,5689.0,24594,1.0,Y,Yes,14,3.0,4,80,2,10.0,2.0,4.0,10.0,2,0,2
40.0,No,Travel_Rarely,1194.0,Research & Development,2,4,Medical,1,2051,3.0,Female,98,3,1,Research Scientist,3.0,Married,2001.0,12549,2.0,Y,No,14,3.0,2,80,3,20.0,2.0,3.0,5.0,3,0,2
35.0,No,Travel_Rarely,287.0,Research & Development,1,4,Life Sciences,1,2052,3.0,Female,62,1,1,Research Scientist,4.0,Married,2977.0,8952,1.0,Y,No,12,3.0,4,80,1,4.0,5.0,3.0,4.0,3,1,1
29.0,No,Travel_Rarely,1378.0,Research & Development,13,2,Other,1,2053,4.0,Male,46,2,2,Laboratory Technician,2.0,Married,4025.0,23679,4.0,Y,Yes,13,3.0,1,80,1,10.0,2.0,3.0,4.0,3,0,3
29.0,No,Travel_Rarely,468.0,Research & Development,28,4,Medical,1,2054,4.0,Female,73,2,1,Research Scientist,1.0,Single,3785.0,8489,1.0,Y,No,14,3.0,2,80,0,5.0,3.0,1.0,5.0,4,0,4
50.0,Yes,Travel_Rarely,410.0,Sales,28,3,Marketing,1,2055,4.0,Male,39,2,3,Sales Executive,1.0,Divorced,10854.0,16586,4.0,Y,Yes,13,3.0,2,80,1,20.0,3.0,3.0,3.0,2,2,0
39.0,No,Travel_Rarely,722.0,Sales,24,1,Marketing,1,2056,2.0,Female,60,2,4,Sales Executive,4.0,Married,12031.0,8828,0.0,Y,No,11,3.0,1,80,1,21.0,2.0,2.0,20.0,9,9,6
31.0,No,Non-Travel,325.0,Research & Development,5,3,Medical,1,2057,2.0,Male,74,3,2,Manufacturing Director,1.0,Single,9936.0,3787,0.0,Y,No,19,3.0,2,80,0,10.0,2.0,3.0,9.0,4,1,7
26.0,No,Travel_Rarely,1167.0,Sales,5,3,Other,1,2060,4.0,Female,30,2,1,Sales Representative,3.0,Single,2966.0,21378,0.0,Y,No,18,3.0,4,80,0,5.0,2.0,3.0,4.0,2,0,0
36.0,No,Travel_Frequently,884.0,Research & Development,23,2,Medical,1,2061,3.0,Male,41,4,2,Laboratory Technician,4.0,Married,2571.0,12290,4.0,Y,No,17,3.0,3,80,1,17.0,3.0,3.0,5.0,2,0,3
39.0,No,Travel_Rarely,613.0,Research & Development,6,1,Medical,1,2062,4.0,Male,42,2,3,Healthcare Representative,1.0,Married,9991.0,21457,4.0,Y,No,15,3.0,1,80,1,9.0,5.0,3.0,7.0,7,1,7
27.0,No,Travel_Rarely,155.0,Research & Development,4,3,Life Sciences,1,2064,2.0,Male,87,4,2,Manufacturing Director,2.0,Married,6142.0,5174,1.0,Y,Yes,20,4.0,2,80,1,6.0,0.0,3.0,6.0,2,0,3
49.0,No,Travel_Frequently,1023.0,Sales,2,3,Medical,1,2065,4.0,Male,63,2,2,Sales Executive,2.0,Married,5390.0,13243,2.0,Y,No,14,3.0,4,80,0,17.0,3.0,2.0,9.0,6,0,8
34.0,No,Travel_Rarely,628.0,Research & Development,8,3,Medical,1,2068,2.0,Male,82,4,2,Laboratory Technician,3.0,Married,4404.0,10228,2.0,Y,No,12,3.0,1,80,0,6.0,3.0,4.0,4.0,3,1,2
36.0,Yes,Travel_Rarely,800.0,Sales,5,3,Marketing,1,9999,2.0,Male,50,3,1,Sales Executive,3.0,Single,4907.5,15000,2.0,Y,Yes,15,3.0,2,80,0,5.0,2.0,1.0,2.0,1,0,1
35.0,No,Travel_Frequently,1200.0,Research & Development,12,4,Technical Degree,1,9998,3.0,Female,75,2,3,Manager,3.0,Married,6500.0,22000,4.0,Y,No,20,4.0,3,80,1,10.0,3.0,3.0,5.0,3,1,3
28.0,No,Non-Travel,600.0,Human Resources,3,2,Life Sciences,1,9997,4.0,Male,45,4,2,Human Resources,2.0,Divorced,3200.0,12000,3.0,Y,Yes,12,3.0,1,80,0,6.0,1.0,2.0,3.0,2,2,2
45.0,Yes,Travel_Rarely,1500.0,Research & Development,20,5,Life Sciences,1,9996,1.0,Female,90,3,4,Research Scientist,1.0,Single,8000.0,28000,2.0,Y,Yes,25,3.0,2,80,2,18.0,3.0,1.0,10.0,5,4,4
52.0,No,Travel_Rarely,802.0,Sales,8,3,Medical,1,9995,3.0,Male,85,4,5,Sales Executive,4.0,Married,12000.0,35000,6.0,Y,No,18,3.0,4,80,3,28.5,5.0,3.0,20.0,8,2,7
